"","baseMean","log2FoldChange","lfcSE","stat","pvalue","padj","symbol"
"ENSG00000265206",199.624109595676,5.00035871439515,0.499612870777732,8.00691685177748,1.17619956965257e-15,3.52330581089429e-11,"MIR142"
"ENSG00000229807",10662.1263576949,10.7472588998098,1.27331065789694,7.65505168700062,1.93234507206305e-14,2.89416983168243e-10,"XIST"
"ENSG00000245164",1098.25746054365,4.59289004193628,0.507301810254607,7.08235210147005,1.4172799048555e-12,1.41515398499822e-08,"LINC00861"
"ENSG00000127074",138.096424857264,6.29157540619989,0.790667559898753,6.69254143533787,2.19327615645151e-11,1.54749062986438e-07,"RGS13"
"ENSG00000233355",347.030787415515,5.28421560077971,0.645042387913225,6.64175824884867,3.09963070578745e-11,1.54749062986438e-07,"CHRM3-AS2"
"ENSG00000028277",1286.03974399625,4.10328671550194,0.465661084671476,6.66426037660267,2.6600151377496e-11,1.54749062986438e-07,"POU2F2"
"ENSG00000128218",192.300580034372,5.04281395709486,0.612920160534817,6.59598789109371,4.22433404068193e-11,1.8077132312661e-07,"VPREB3"
"ENSG00000156886",46.9863828398573,5.18436051065368,0.645018061339086,6.48719898163279,8.74468171751756e-11,3.27433676060298e-07,"ITGAD"
"ENSG00000262488",32.9226757569906,5.54102257568361,0.706769298613215,6.42504220909675,1.31832931360696e-10,4.3878393987885e-07,"RP11-876N24.1"
"ENSG00000234883",232.481465439791,3.699870792715,0.429535373009438,6.28556100932733,3.26671841029173e-10,9.78545499802888e-07,"MIR155HG"
"ENSG00000163568",282.12552329524,4.63954490334325,0.584166120792178,6.23032519997517,4.65467929660492e-10,1.161924319415e-06,"AIM2"
"ENSG00000070190",380.497964282351,3.96425160241498,0.475682327497232,6.23157815849745,4.61759512602114e-10,1.161924319415e-06,"DAPP1"
"ENSG00000007312",1152.06614436133,4.2307011655615,0.52015367379807,6.21105132637341,5.26312777165747e-10,1.21274609538461e-06,"CD79B"
"ENSG00000170054",58.1410224243587,8.25272156801068,1.17828320758725,6.15532965360843,7.49214879220976e-10,1.60305226479031e-06,"SERPINA9"
"ENSG00000253522",155.10251091921,4.18981417978383,0.523270374770117,6.09591968814434,1.08810035354208e-09,2.17293640602353e-06,"MIR3142HG"
"ENSG00000170006",410.584544237159,3.05334147900193,0.338391973055715,6.06793790189538,1.29562978653386e-09,2.28297589738952e-06,"TMEM154"
"ENSG00000101057",353.02198834319,4.44224491313377,0.567101010022882,6.06989734155979,1.27992040295977e-09,2.28297589738952e-06,"MYBL2"
"ENSG00000164362",19.4940105169848,6.13851007744214,0.850833816429815,6.03938157865404,1.54706003298702e-09,2.57456573822923e-06,"TERT"
"ENSG00000174123",531.913483721719,5.67249358357633,0.781596545469614,5.97814001438416,2.25699712198583e-09,3.55833414679398e-06,"TLR10"
"ENSG00000186265",236.235170746394,4.46357333281664,0.580750202980779,5.96396405036,2.46190926076807e-09,3.68732459531538e-06,"BTLA"
"ENSG00000009790",1588.58035586047,3.79403902279615,0.469864982022992,5.94647213496627,2.73983149641501e-09,3.73052965795962e-06,"TRAF3IP3"
"ENSG00000166501",1321.56692587682,3.80095191962053,0.470577712473291,5.95215592531809,2.64633065908081e-09,3.73052965795962e-06,"PRKCB"
"ENSG00000118513",106.463206649365,4.09553973363789,0.5299499051476,5.84119310819714,5.1828284138289e-09,6.7500706580976e-06,"MYB"
"ENSG00000173200",1997.05649360684,3.92538880248034,0.501607619259692,5.83202624951718,5.47583018276344e-09,6.83452054686161e-06,"PARP15"
"ENSG00000112195",82.0466461669315,4.70969365341215,0.638765190230729,5.80760146317955,6.3374147150855e-09,7.59349031161544e-06,"TREML2"
"ENSG00000156738",5847.26271639023,5.92790217687701,0.849712148809084,5.79949596317261,6.65145395855253e-09,7.66324243570928e-06,"MS4A1"
"ENSG00000167483",982.731893074511,5.53459471499252,0.783583468031428,5.78699640816139,7.16561103217888e-09,7.94984735070068e-06,"FAM129C"
"ENSG00000161929",282.295712437023,3.55435901673389,0.442623135356564,5.77095685402023,7.88226569571722e-09,8.43261674697176e-06,"SCIMP"
"ENSG00000136573",1192.14315076354,5.24350209333001,0.738156407130804,5.74878447485731,8.98873096505963e-09,9.14564702375562e-06,"BLK"
"ENSG00000083454",1218.00104051698,5.08387352098771,0.710857178996264,5.74499863215023,9.19217294481359e-09,9.14564702375562e-06,"P2RX5"
"ENSG00000269404",480.637062989369,5.71314484130504,0.821097807969967,5.74005288475624,9.46469897300698e-09,9.14564702375562e-06,"SPIB"
"ENSG00000270641",20.4924774752219,5.32829293525839,0.762996026822356,5.67275946807273,1.40515460651578e-08,1.31535644494313e-05,"TSIX"
"ENSG00000247982",1905.24148606579,3.58427571824621,0.456404715270476,5.6622458791091,1.49404535288081e-08,1.35618571350135e-05,"LINC00926"
"ENSG00000234965",9.21672749981579,6.36014486932752,0.947926896123166,5.65459730201712,1.56212083888826e-08,1.37627440379111e-05,"SHISA8"
"ENSG00000178199",449.706961007995,3.73430521711427,0.484767943179289,5.64044148460327,1.69614704422833e-08,1.45165956313884e-05,"ZC3H12D"
"ENSG00000185905",319.887232632318,4.0126972923272,0.541732532952803,5.56122645229739,2.67885320551257e-08,2.11171178345076e-05,"C16orf54"
"ENSG00000268027",218.814505576797,3.97253337220783,0.534225659787453,5.56419055833162,2.63372024206568e-08,2.11171178345076e-05,"AC006129.2"
"ENSG00000104783",741.346821998305,3.56634595588216,0.461368669258749,5.56246257468099,2.6599408872254e-08,2.11171178345076e-05,"KCNN4"
"ENSG00000169679",143.371811489817,3.38934036425325,0.430419494399061,5.55118993294943,2.83731608996536e-08,2.14970602480704e-05,"BUB1"
"ENSG00000100721",454.181532144123,6.94816200440111,1.07190462560921,5.54915228677224,2.87058057059862e-08,2.14970602480704e-05,"TCL1A"
"ENSG00000223823",11.8973467822429,3.63268421505689,0.475548668609125,5.53609838243667,3.09283879411533e-08,2.2058568113744e-05,"LINC01342"
"ENSG00000167895",4932.0981905959,3.66523738055942,0.481393442458315,5.53650537271331,3.08566378256126e-08,2.2058568113744e-05,"TMC8"
"ENSG00000089012",284.897490940494,4.08272121680533,0.557655606462302,5.52800183676396,3.23898661078799e-08,2.25636846339893e-05,"SIRPG"
"ENSG00000264198",1648.13012908301,4.0684869648519,0.557083966309697,5.50812292297432,3.62680128185603e-08,2.46910982722722e-05,NA
"ENSG00000162892",341.804774324585,3.75073152289859,0.499872203405227,5.50286954177501,3.73658921456725e-08,2.4873228871636e-05,"IL24"
"ENSG00000174130",463.939350177818,3.45629887290704,0.446814659519232,5.49735515739342,3.85529743393333e-08,2.51055292681463e-05,"TLR6"
"ENSG00000253633",7.09156556685165,6.5849084841336,1.01784693527925,5.48698265972708,4.08857250346439e-08,2.60581253917608e-05,"KB-1980E6.3"
"ENSG00000241106",676.111669402649,3.97209046134688,0.542944919925274,5.47401836222344,4.39943448639616e-08,2.7455220841666e-05,"HLA-DOB"
"ENSG00000111732",50.3956387597651,6.15197985068299,0.944437837649883,5.45507564955578,4.89520005246283e-08,2.86607310761944e-05,"AICDA"
"ENSG00000205056",348.227278417119,5.39581806578047,0.805283664377204,5.45872002653889,4.79579293290655e-08,2.86607310761944e-05,"RP11-693J15.5"
"ENSG00000179088",31.5582021040437,4.72364271397856,0.682545461173175,5.45552336921013,4.88288089893008e-08,2.86607310761944e-05,"C12orf42"
"ENSG00000104894",3221.79639379369,3.78659376183767,0.511096223039848,5.45219008910658,4.97532303776368e-08,2.86607310761944e-05,"CD37"
"ENSG00000109684",121.246087355922,3.7947321037156,0.514212138731463,5.43497886030087,5.48029293011385e-08,3.09739952304831e-05,"CLNK"
"ENSG00000172794",486.099867482431,3.30277008024054,0.424264775209633,5.42767209251043,5.70938078733244e-08,3.16712039786191e-05,"RAB37"
"ENSG00000134061",332.793851427401,4.61753815727088,0.66716615305981,5.42224472971215,5.88552283295824e-08,3.20546975384116e-05,"CD180"
"ENSG00000159618",328.118129998694,3.50141569096794,0.464196105467732,5.38870460459265,7.0967338353871e-08,3.72952038664948e-05,"ADGRG5"
"ENSG00000104814",1336.29447966696,3.47426605568809,0.459109334422795,5.38927412312102,7.07428311670558e-08,3.72952038664948e-05,"MAP4K1"
"ENSG00000069493",1293.27624181241,2.70661158246284,0.317167009443422,5.38079791292819,7.41564057291249e-08,3.82992264416541e-05,"CLEC2D"
"ENSG00000178999",113.127312136813,3.72042603928807,0.506006945596789,5.37626224888983,7.60480032616809e-08,3.86104735204008e-05,"AURKB"
"ENSG00000125245",124.816591912182,3.88301255330504,0.536579317148717,5.37294759817586,7.74598451872331e-08,3.86718277097261e-05,"GPR18"
"ENSG00000257221",13.1120283655057,5.51339232423678,0.843954811639322,5.34790756802468,8.89768825624706e-08,4.36934838878493e-05,"MIR4496"
"ENSG00000162739",1041.67428391766,3.86566002457281,0.536198869570377,5.34439773599092,9.07181747182319e-08,4.38300471562038e-05,"SLAMF6"
"ENSG00000168421",636.464917032529,3.88486278319407,0.540635885500823,5.33605493190977,9.49906345759237e-08,4.51657850590761e-05,"RHOH"
"ENSG00000137078",231.645695392835,3.86114434212518,0.536497286538116,5.33300803921569,9.65990331723661e-08,4.52128756043473e-05,"SIT1"
"ENSG00000163518",33.6770074639076,6.48192092249097,1.03008440279509,5.32181722936104,1.02735764745861e-07,4.59320870591383e-05,"FCRL4"
"ENSG00000162894",1746.09674707112,3.80986825005239,0.527785847258104,5.32387949515871,1.01577211546008e-07,4.59320870591383e-05,"FCMR"
"ENSG00000137265",1215.73979017199,4.26977422114512,0.614374001839851,5.32212335052135,1.02562985213771e-07,4.59320870591383e-05,"IRF4"
"ENSG00000255354",96.0180020296466,4.43830637755076,0.649138468284455,5.29672257236199,1.17899610065835e-07,4.99599564285004e-05,"RP11-148O21.2"
"ENSG00000042980",1182.27145265427,3.54358591097481,0.479620250638767,5.30333301729278,1.137072150236e-07,4.99599564285004e-05,"ADAM28"
"ENSG00000263264",141.154687130243,4.0249249371486,0.570972710153898,5.29784503419308,1.17177344858036e-07,4.99599564285004e-05,"CTB-133G6.1"
"ENSG00000260655",407.249978309809,5.67549263041712,0.882847407079417,5.29592384020734,1.18416187829195e-07,4.99599564285004e-05,NA
"ENSG00000102879",4790.72720225835,3.44029686577923,0.461532742907304,5.28737538837922,1.24083833424181e-07,5.16240448641851e-05,"CORO1A"
"ENSG00000175857",230.876561133572,4.15910635382866,0.598326907779549,5.27990018960106,1.29254276792956e-07,5.30385186483973e-05,"GAPT"
"ENSG00000122122",1574.41023717728,3.50892047801336,0.477429277026806,5.2550620557618,1.47974568560297e-07,5.98997054219419e-05,"SASH3"
"ENSG00000245904",95.8118247222947,3.19583746730045,0.418736487849027,5.24396017786763,1.57166135039935e-07,6.277215433495e-05,"RP11-796E2.4"
"ENSG00000103522",173.90814081142,3.58005350869904,0.494438470005777,5.21814879952382,1.80720256311185e-07,7.12299378658099e-05,"IL21R"
"ENSG00000065357",3908.98029017594,2.62244945915102,0.311354363932296,5.21094176635283,1.87884424875938e-07,7.30919213916716e-05,"DGKA"
"ENSG00000116824",890.965663345419,3.29694993126183,0.44148640899855,5.20276476114437,1.96345341083797e-07,7.51740983778958e-05,"CD2"
"ENSG00000177455",1343.98062989141,5.81175392444617,0.925165504479292,5.20096555821583,1.98255842826031e-07,7.51740983778958e-05,"CD19"
"ENSG00000159753",1597.61900048918,3.87195592266486,0.552548202001092,5.1976568058024,2.01816281999926e-07,7.55675840913473e-05,"CARMIL2"
"ENSG00000152266",8.06977557714976,19.7046554252007,3.60796040501265,5.1842740289538,2.16857892679232e-07,7.82647972916431e-05,"PTH"
"ENSG00000068831",4028.27796563829,3.01075576487836,0.38761126642274,5.18755758426631,2.13070051552537e-07,7.82647972916431e-05,"RASGRP2"
"ENSG00000010671",645.081650539365,3.59353964886784,0.500197650330912,5.18502965208264,2.15980499502171e-07,7.82647972916431e-05,"BTK"
"ENSG00000213443",397.050935765858,2.75212361456901,0.339130935731618,5.166510718903,2.38504530831696e-07,8.50524192983744e-05,"RP11-75L1.2"
"ENSG00000255518",70.1887647973096,5.39680162551585,0.851919624831875,5.16105216660967,2.455657327477e-07,8.61460587678286e-05,"RP11-148O21.4"
"ENSG00000012124",3020.37179514422,4.06446387874686,0.593920888231691,5.15971729479129,2.47323019663938e-07,8.61460587678286e-05,"CD22"
"ENSG00000079263",655.169686964399,3.66021889162848,0.517065150214292,5.14484275439174,2.67744984377818e-07,8.75707024953914e-05,"SP140"
"ENSG00000188011",100.835463973171,3.61187539765771,0.507173751414168,5.14986311964083,2.60676631069747e-07,8.75707024953914e-05,"RTP5"
"ENSG00000172578",1420.76717767228,3.45359451436009,0.476982088583292,5.14399717114669,2.68953584696245e-07,8.75707024953914e-05,"KLHL6"
"ENSG00000214215",8.64189361797176,6.28485815732866,1.02534383081119,5.15423021870389,2.5467491151021e-07,8.75707024953914e-05,"C12orf74"
"ENSG00000214900",154.904834168552,3.17690720740662,0.422784279421,5.14897860059479,2.61908757161796e-07,8.75707024953914e-05,"LINC01588"
"ENSG00000229474",382.858643000484,2.91710672836224,0.372544431193525,5.14598143963764,2.66125736025761e-07,8.75707024953914e-05,"PATL2"
"ENSG00000135960",25.635709422572,5.3634550690603,0.848665885963594,5.1415464451077,2.72486272368988e-07,8.77669493420755e-05,"EDAR"
"ENSG00000198286",1088.46052877751,3.51973265141031,0.491014783652216,5.13168388264869,2.8716149349217e-07,9.15098142293398e-05,"CARD11"
"ENSG00000128438",438.498715168188,5.73959936622628,0.924295308689451,5.12779770887997,2.93151184854433e-07,9.24351972875215e-05,"TBC1D27"
"ENSG00000197057",192.233367607959,3.85420281643934,0.558944122709509,5.10641887171736,3.28321473507137e-07,0.000102446559780274,"DTHD1"
"ENSG00000143851",1130.60169379128,3.45650783119617,0.482277830775156,5.09355328908209,3.51414216427838e-07,0.000108521781990679,"PTPN7"
"ENSG00000186854",269.743094739992,3.24196064337151,0.441364042786501,5.07961778947181,3.78194977229812e-07,0.000115600311662439,"TRABD2A"
"ENSG00000268041",49.4127471533152,3.6258890828891,0.5172140871578,5.07698677992107,3.83467542116304e-07,0.000116027982061554,"CTD-2575K13.6"
"ENSG00000140968",1817.33606894,3.39280430352018,0.472433683657809,5.06484695374373,4.08728587291959e-07,0.000122434648323306,"IRF8"
"ENSG00000124721",44.3575146836729,4.04880243256076,0.602882669080308,5.05704109426745,4.25811507600425e-07,0.000126288947625453,"DNAH8"
"ENSG00000135426",432.127022356347,3.31343223466573,0.458228883276106,5.04863905157146,4.44968538823547e-07,0.000130676790004503,"TESPA1"
"ENSG00000188404",1318.04869921744,3.46239192089313,0.488016554348444,5.04571391882535,4.5183104397333e-07,0.000131403873031273,"SELL"
"ENSG00000220517",13.7115615286917,3.58721276715315,0.513326932403506,5.0400877176642,4.65318520108527e-07,0.000134025156440874,"ASS1P1"
"ENSG00000241666",37.5786334184305,3.45660969535916,0.488204985499142,5.03192259056412,4.85585343104246e-07,0.000138297259269805,"RP3-455J7.4"
"ENSG00000197520",92.9041748009982,4.65420829675122,0.726629477790226,5.02898438398637,4.93084541933503e-07,0.000138297259269805,"FAM177B"
"ENSG00000237499",303.493473503193,2.88231871680784,0.374328751712206,5.02851760170166,4.94286147725229e-07,0.000138297259269805,"RP11-356I2.4"
"ENSG00000211753",27.5586018825344,4.60020147640261,0.716195209418605,5.02684383957998,4.98618060461991e-07,0.000138297259269805,"TRBV28"
"ENSG00000271856",210.595397621767,5.28393121322365,0.853962738212189,5.01653177771229,5.26125776417717e-07,0.000143273614841752,"LINC01215"
"ENSG00000146285",372.68323058906,3.45124253728074,0.488562382201594,5.01725598732097,5.24147089987367e-07,0.000143273614841752,"SCML4"
"ENSG00000261471",35.0783800903667,3.72430378650359,0.543638090495817,5.01124522753534,5.40789464641661e-07,0.000145940075795865,"RP11-61F12.1"
"ENSG00000186517",2110.79505209629,3.19165249496238,0.437885369322186,5.00508271914838,5.58380475399123e-07,0.000148066031274856,"ARHGAP30"
"ENSG00000229754",69.5752259517165,4.03497554869982,0.606385917711731,5.00502313799215,5.58553214290059e-07,0.000148066031274856,"CXCR2P1"
"ENSG00000262312",27.6072272100428,3.26303855862343,0.452701611448651,4.99896289607116,5.76394917803964e-07,0.000151455348796647,"LA16c-390H2.4"
"ENSG00000072858",388.399732646324,3.0036735577771,0.400960211616651,4.99718799952343,5.81723501076787e-07,0.000151526325867436,"SIDT1"
"ENSG00000117322",1092.6282617095,5.9727374315058,0.996620543335108,4.9895995670177,6.05045823412189e-07,0.000156242652071656,"CR2"
"ENSG00000187862",103.605413039723,4.5553390171023,0.713507748075304,4.98290176482718,6.26377548350599e-07,0.000160368713340532,"TTC24"
"ENSG00000144354",229.215294869911,3.06727427310944,0.415339241668134,4.97731508539047,6.44723249681634e-07,0.00016229147011944,"CDCA7"
"ENSG00000260719",81.2495764575674,4.29024078257912,0.660924568062326,4.97823948688323,6.4165232747045e-07,0.00016229147011944,"AC009133.17"
"ENSG00000074966",426.161611656898,3.22519164288936,0.447583895817298,4.97156323916908,6.64151929838531e-07,0.000165788925485943,"TXK"
"ENSG00000250850",17.1592934985281,6.03103494068418,1.01347189563504,4.9641583179095,6.89996428544571e-07,0.000169732311903599,"RP11-297B17.3"
"ENSG00000245466",20.8370084716778,3.79180014745239,0.562432367209603,4.96379708960092,6.91281657560976e-07,0.000169732311903599,"CTD-2540L5.6"
"ENSG00000167984",1382.96104147521,2.58692227840459,0.320927426419945,4.9448010601875,7.62216624614427e-07,0.000185627634067684,"NLRC3"
"ENSG00000126882",826.677432118629,2.82007664017443,0.368736773307458,4.9359781066827,7.97500539347997e-07,0.000192654263356204,"FAM78A"
"ENSG00000137571",55.3683474910593,3.52097178289187,0.511041640668974,4.93300659334103,8.09734206887088e-07,0.000194044705338422,"SLCO5A1"
"ENSG00000259436",39.8793302007313,3.99716732524803,0.609710257956296,4.91572396254955,8.84549613385307e-07,0.000210291140229816,"CTC-378H22.2"
"ENSG00000013725",1047.92069490267,3.53286406984407,0.516532946735987,4.90358666538009,9.41023959858693e-07,0.000218514517190443,"CD6"
"ENSG00000123329",2667.64460968333,3.38412354473079,0.486151789164713,4.90407234503259,9.38698909961092e-07,0.000218514517190443,"ARHGAP9"
"ENSG00000136490",2424.91132282488,3.20957212200678,0.450554296160562,4.90411952751498,9.38473332542625e-07,0.000218514517190443,"LIMD2"
"ENSG00000242258",60.1458517230149,4.19819145493131,0.65285874304795,4.89874952122133,9.64485014720658e-07,0.000222239604738133,"LINC00996"
"ENSG00000224875",7.92890936714751,5.83625512166534,0.987791757422658,4.8960270070324,9.77936320515795e-07,0.000223618950237028,"AC083949.1"
"ENSG00000185811",1881.4606689262,3.1093936188062,0.432101677670331,4.88170661631993,1.05171648880287e-06,0.000238667935015833,"IKZF1"
"ENSG00000124203",615.859341519857,3.42725510840245,0.498036407819838,4.87364993862155,1.09555047392912e-06,0.000246745973282306,"ZNF831"
"ENSG00000234572",11.1241291319544,5.69774354761238,0.964742559296783,4.86942708429557,1.11922272783801e-06,0.000248343087499166,"AC007880.1"
"ENSG00000174083",170.054298384751,3.12242759393271,0.43579100076492,4.87028779898467,1.11435818882895e-06,0.000248343087499166,NA
"ENSG00000104921",429.536375875104,5.22788247070705,0.870112860381718,4.85900469147449,1.17977338432331e-06,0.000259853762701505,"FCER2"
"ENSG00000185862",1782.21017232701,3.30951827312457,0.476347234925585,4.84839231508368,1.24466064960168e-06,0.000272144596779695,"EVI2B"
"ENSG00000204165",52.5679959560683,3.67448269963233,0.551805250428877,4.84678733584658,1.25476806024964e-06,0.000272366501773753,"CXorf65"
"ENSG00000127561",84.1376547666366,2.92706676275448,0.397833941301072,4.84389732171222,1.27316744596372e-06,0.000272412363170308,"SYNGR3"
"ENSG00000130475",543.555010325197,3.42639355518556,0.500853380041908,4.84451867926405,1.26918977924488e-06,0.000272412363170308,"FCHO1"
"ENSG00000260682",517.28110335594,2.48481106802568,0.306964376132025,4.83707942509611,1.31760788357996e-06,0.000279921589735019,"RN7SKP176"
"ENSG00000126787",69.1094835300397,3.68900284816136,0.55728404281472,4.82519261556421,1.39868027222956e-06,0.000295052588412933,"DLGAP5"
"ENSG00000159958",207.520879940935,5.33375595539734,0.898745745074288,4.82200442021467,1.42122795589282e-06,0.000297712471459925,"TNFRSF13C"
"ENSG00000227217",3.85443147911332,6.01314163965657,1.04723322585658,4.78703455532179,1.69263699410468e-06,0.000352103758044484,"RP11-367J7.3"
"ENSG00000185155",30.1888237798778,4.32499502803014,0.695100763863225,4.78347198117077,1.72292917809206e-06,0.000353495503628409,"MIXL1"
"ENSG00000163599",460.088910366861,3.93501399954098,0.613412257752705,4.78473320747401,1.71214601069765e-06,0.000353495503628409,"CTLA4"
"ENSG00000177699",7.60294369016063,5.10328766472972,0.858603225955927,4.77902661052935,1.76145882673882e-06,0.000358942171122186,"RP11-16K12.1"
"ENSG00000167077",475.034611972735,3.09513609529738,0.43914536021493,4.77093984158677,1.83368304802883e-06,0.000371134970970969,"MEI1"
"ENSG00000235101",4.90322306309286,5.42255944611061,0.928198502021521,4.76466988093466,1.89163088734803e-06,0.00038029398141282,"SETP9"
"ENSG00000226945",32.0360535068035,3.62215121504888,0.550888762593274,4.7598560600606,1.93731072294921e-06,0.000386880951372956,"RP11-564A8.4"
"ENSG00000160856",965.562496981805,4.77903447944507,0.794578629054317,4.75602330752686,1.97443683884594e-06,0.00039168381130881,"FCRL3"
"ENSG00000246582",63.9611160353924,2.727087876026,0.363501176908411,4.75125800338512,2.02154994678627e-06,0.000393520979619383,"RP11-1149O23.3"
"ENSG00000254838",1636.20046119647,2.95297505875342,0.411007379119975,4.75167882127815,2.01734635969212e-06,0.000393520979619383,"GVINP1"
"ENSG00000267521",6.00794489173713,6.69381873860688,1.19842061319616,4.75110213885725,2.02310902558454e-06,0.000393520979619383,"RP11-87G24.6"
"ENSG00000146094",1215.99468569112,2.8300559006261,0.385304283306618,4.74963809101956,2.03781006364951e-06,0.000393823228752393,"DOK3"
"ENSG00000143119",3340.17141142656,3.17524080793189,0.459104384762934,4.73800921996228,2.15827995054855e-06,0.000414431255888986,"CD53"
"ENSG00000132704",786.205547357976,5.60444280838097,0.972691730151932,4.73371230128765,2.20450146159982e-06,0.000415319756491967,"FCRL2"
"ENSG00000167208",384.45912361387,3.30746187765504,0.487403200320959,4.73419517175013,2.19926024541028e-06,0.000415319756491967,"SNX20"
"ENSG00000205744",1858.55905167109,2.72081066868127,0.363390283710214,4.73543390074108,2.18586938955658e-06,0.000415319756491967,"DENND1C"
"ENSG00000122188",275.997995546439,3.93380373965192,0.621163174358886,4.72308060225874,2.32298728288656e-06,0.000434906775367918,"LAX1"
"ENSG00000196092",581.205249356956,5.72762325642493,1.00211356957968,4.71765217031025,2.38581939246757e-06,0.000443895775784882,"PAX5"
"ENSG00000226423",6.09692398157446,6.38134740641278,1.14172018547036,4.71336801687169,2.4365556448753e-06,0.00044805104407679,"AC093642.4"
"ENSG00000271046",40.7974538477052,6.25662759404839,1.11558411729987,4.7119957271993,2.45302524548802e-06,0.00044805104407679,"RP11-138I18.2"
"ENSG00000166707",169.802842549639,2.71815324886279,0.3646158693486,4.71222838416862,2.45022549837714e-06,0.00044805104407679,"ZCCHC18"
"ENSG00000238121",237.696728326758,3.26283113689743,0.481731981108508,4.69728235956112,2.63645870871721e-06,0.000478637094664388,"LINC00426"
"ENSG00000170486",86.132423612784,4.41026303980623,0.726656733393983,4.69308668465505,2.69113389662775e-06,0.000485619975141472,"KRT72"
"ENSG00000188452",424.904511913331,2.87053058089281,0.399403597196288,4.68330929922379,2.82280072079616e-06,0.000506329314918855,"CERKL"
"ENSG00000105122",2815.40779143908,2.89868733285041,0.40585763078707,4.67821026099308,2.89389719437393e-06,0.000515992205103995,"RASAL3"
"ENSG00000184293",85.2884207022365,3.90108787420462,0.621372718069303,4.66883689908166,3.02909730782381e-06,0.000535360751749131,"CLECL1"
"ENSG00000100055",1439.18395696657,2.81153445062797,0.388057143767429,4.66821569895815,3.03826832907202e-06,0.000535360751749131,"CYTH4"
"ENSG00000153898",293.979098219097,3.18605131361465,0.46979963077187,4.65315672986592,3.26891587418243e-06,0.00057263377199494,"MCOLN2"
"ENSG00000112486",260.093955724554,2.59957113272036,0.34407898922412,4.64884861562548,3.33793077993096e-06,0.000579011386705156,"CCR6"
"ENSG00000072818",3060.51518285702,3.09780207453249,0.451288235533876,4.64847498639264,3.34398163578675e-06,0.000579011386705156,"ACAP1"
"ENSG00000181847",568.074632014223,3.75721367691592,0.59337465586873,4.64666572737123,3.37343135232686e-06,0.000580753656085926,"TIGIT"
"ENSG00000007968",159.08576455049,2.88321845576211,0.405635640962184,4.64263557140848,3.43992778992251e-06,0.000588817353983594,"E2F2"
"ENSG00000204282",1032.11956134914,2.68032354039497,0.362165199141159,4.63966042121026,3.48982145006927e-06,0.000593963645095596,"TNRC6C-AS1"
"ENSG00000241163",50.044898086319,4.09811676867291,0.669415035634729,4.62809558159286,3.69043693250389e-06,0.000621050777040191,"LINC00877"
"ENSG00000110680",3892.09249513117,-7.96590250721756,1.50483428343095,-4.62901635343902,3.67406756493428e-06,0.000621050777040191,"CALCA"
"ENSG00000186810",238.527914135791,3.38473430810978,0.515894571023046,4.62252258902575,3.79101514953838e-06,0.000634412619019118,"CXCR3"
"ENSG00000227507",972.729545361958,4.61844403888944,0.78368904347268,4.61719360379903,3.88964359285436e-06,0.00064730152124418,"LTB"
"ENSG00000214894",27.3666088849046,4.02926396328477,0.656469550519452,4.61447748930285,3.94085482652805e-06,0.000652200587451093,"LINC00243"
"ENSG00000110934",1008.21659169351,2.80625914910276,0.39173522313891,4.61091840205101,4.00893886897724e-06,0.000659822878133039,"BIN2"
"ENSG00000148773",558.1752376467,3.52133700657905,0.547683350495769,4.60364004912092,4.15169781428644e-06,0.000679585289764756,"MKI67"
"ENSG00000163534",1062.85700726932,5.83132994770914,1.04977710568792,4.60224358250142,4.17963977057594e-06,0.000680440811563056,"FCRL1"
"ENSG00000152495",484.937060660478,3.33534350624397,0.507706853182236,4.59978724259159,4.22922660002254e-06,0.000684791798938785,"CAMK4"
"ENSG00000051341",81.4090171047282,3.27903030637141,0.496055715807109,4.59430308682827,4.34197913668494e-06,0.000696179098863017,"POLQ"
"ENSG00000196104",23.1744359879496,4.29133313504783,0.716424796119308,4.59410834588103,4.34603543606691e-06,0.000696179098863017,"SPOCK3"
"ENSG00000205784",46.9115322541009,3.47694346013044,0.540419227271393,4.58337404580638,4.57532526756814e-06,0.000729009938244699,"ARRDC5"
"ENSG00000214797",19.4962945268566,4.30354536962506,0.721420722732537,4.57922161857531,4.66709492283536e-06,0.000735804360071227,"RP11-1036E20.9"
"ENSG00000179715",722.289929671727,2.54241944812301,0.336797801054833,4.57966009069011,4.6573219467599e-06,0.000735804360071227,"PCED1B"
"ENSG00000109805",87.7337106710769,3.2426552942806,0.490681040234905,4.57049510860856,4.86573279552306e-06,0.000763104847591063,"NCAPG"
"ENSG00000255569",5.88645419675876,5.29886801088176,0.941983013147065,4.56363644660608,5.02751088832084e-06,0.000783028681173425,"TRAV1-1"
"ENSG00000187808",39.3528581289472,3.39248960520871,0.524334679583792,4.56290552268605,5.04505209368957e-06,0.000783028681173425,"SOWAHD"
"ENSG00000246528",11.7331985984842,4.95865735378638,0.868352144976115,4.55881565640086,5.14429005581956e-06,0.000794315508361211,"RP11-159H10.3"
"ENSG00000255624",30.9841728952338,3.30917790141945,0.506785797297978,4.55651660668325,5.20089289509681e-06,0.000798937162423718,"RP11-564D11.3"
"ENSG00000163376",193.595982656933,3.02713393707785,0.445551034980646,4.54972332667998,5.37164969441335e-06,0.000817977872654944,"KBTBD8"
"ENSG00000270107",27.8887444910079,4.89087914460216,0.855247729619287,4.549417683148,5.37945721625852e-06,0.000817977872654944,NA
"ENSG00000253755",3316.44055767631,4.99993992690984,0.881066387498969,4.53988483009122,5.62849637538937e-06,0.000851523277397922,"IGHGP"
"ENSG00000160654",286.129700853742,3.20289533804844,0.486337705938063,4.52955901043994,5.91069246736526e-06,0.00088972257718556,"CD3G"
"ENSG00000171241",117.306319377825,3.03213878596039,0.449323433448008,4.52266370878146,6.10662219213474e-06,0.000914619338826981,"SHCBP1"
"ENSG00000167286",409.843928680367,3.27466064037225,0.503121332198335,4.52109758581168,6.15198180015489e-06,0.000916828929470845,"CD3D"
"ENSG00000143869",49.0776105034299,3.61660887895253,0.579146348815859,4.51804433249477,6.24134184058378e-06,0.000923416314829867,"GDF7"
"ENSG00000128815",1278.03614683807,3.42751248701861,0.5373592445765,4.5174852978137,6.25783715274455e-06,0.000923416314829867,"WDFY4"
"ENSG00000186049",20.2279313774549,4.35006129459274,0.741991839907363,4.51495705803314,6.33295970641795e-06,0.000929920627479165,"KRT73"
"ENSG00000132744",47.571045655863,4.00747336278799,0.66652151951133,4.51219244202792,6.41609327804662e-06,0.000937532068994568,"ACY3"
"ENSG00000100385",982.811930814375,3.08238777046456,0.461984318623332,4.5074858312721,6.56003098278321e-06,0.000953335064716263,"IL2RB"
"ENSG00000078589",214.766031029439,3.75932887111374,0.612288052438558,4.50658617316501,6.58789378722305e-06,0.000953335064716263,"P2RY10"
"ENSG00000169442",1243.99277262829,3.51159610441802,0.558093765964407,4.50031205791716,6.78537754467333e-06,0.000977192232455238,"CD52"
"ENSG00000197471",671.032990981438,3.05501248439114,0.457397896397414,4.49283326525321,7.028181054635e-06,0.0010073165717301,"SPN"
"ENSG00000188822",229.470180547313,3.13551864837193,0.475821628352136,4.48806552944567,7.18728233453953e-06,0.0010252144872911,"CNR2"
"ENSG00000111913",1656.56001482013,2.70842629982684,0.381017919453532,4.48384764232906,7.33090140571242e-06,0.001035835620793,"FAM65B"
"ENSG00000257242",93.5640266350403,3.22667025944123,0.496516229513742,4.48458706298865,7.30552731213007e-06,0.001035835620793,"LINC01619"
"ENSG00000096996",306.164669504699,3.26879383135409,0.507013357539294,4.47482062872132,7.64754865576686e-06,0.00107550384968778,"IL12RB1"
"ENSG00000160683",23.629196396836,4.81748677950543,0.854527854186445,4.46736377381154,7.91894063642222e-06,0.00110846666712162,"CXCR5"
"ENSG00000182866",1354.28955935094,3.26784606936139,0.507883925991523,4.46528419841987,7.99625357936592e-06,0.00110892488874957,"LCK"
"ENSG00000147168",1765.25593176568,3.21769125413393,0.496636514017387,4.46542127197738,7.99113542389695e-06,0.00110892488874957,"IL2RG"
"ENSG00000247774",465.732899406113,3.01819624139755,0.452779422760772,4.45734973796252,8.29791630841658e-06,0.00114545660377244,"PCED1B-AS1"
"ENSG00000015133",2487.25587277588,2.59817321179862,0.358782208634015,4.45443830083804,8.41131126605665e-06,0.00115578361915012,"CCDC88C"
"ENSG00000253686",26.4518035257406,3.39307202197387,0.537617687080755,4.45125240385629,8.53709262814576e-06,0.00116771054646624,"LINC01484"
"ENSG00000102962",105.218980023519,4.04403793833191,0.684040173963879,4.45008649227765,8.583571333328e-06,0.00116873126949927,"CCL22"
"ENSG00000168918",3620.76463009733,2.50191536625225,0.338883006571421,4.43195833703074,9.33810642005325e-06,0.00126571483173165,"INPP5D"
"ENSG00000220008",149.870048359232,3.6697666925447,0.602577484862338,4.4305782403314,9.39807405084644e-06,0.00126810499186083,"LINGO3"
"ENSG00000182010",322.667105923382,3.10745109054403,0.476271385051672,4.42489546231166,9.64889958850843e-06,0.00129611115324561,"RTKN2"
"ENSG00000269220",150.205574780149,2.87032659152132,0.424082922074358,4.41028509795398,1.03234612566775e-05,0.00138053250867756,"LINC00528"
"ENSG00000116852",1364.61879175488,2.86518203786863,0.423269660476961,4.40660461174292,1.05003607004497e-05,0.00139705470838632,"KIF21B"
"ENSG00000211639",156.751938142317,5.94917993273851,1.12333743516421,4.40578207207617,1.05402892370325e-05,0.00139705470838632,"IGLV4-60"
"ENSG00000270164",270.074621193148,3.09295801918579,0.475739253247093,4.39938055331904,1.08560310252564e-05,0.00143256568000685,"LINC01480"
"ENSG00000168081",79.1359512934333,4.55173293718076,0.808864456755185,4.39101125969706,1.12824697234473e-05,0.00148168110963237,"PNOC"
"ENSG00000229164",1860.76840187445,3.20787175058006,0.502914672849009,4.39015178871691,1.13271565383346e-05,0.00148168110963237,NA
"ENSG00000156970",142.811276115767,2.84940577640694,0.42169637657704,4.3856335485232,1.15648676872412e-05,0.00149544809396936,"BUB1B"
"ENSG00000267121",874.920394078304,3.05241082305526,0.468019753586367,4.38530811430061,1.15821718511398e-05,0.00149544809396936,"CTD-2020K17.1"
"ENSG00000225783",2453.77042610775,3.06076580543536,0.469904844114083,4.38549598125669,1.1572179474915e-05,0.00149544809396936,"MIAT"
"ENSG00000117009",82.3590568983246,2.9158598108253,0.437201586653638,4.38209711334623,1.17542391100349e-05,0.00150472989830122,"KMO"
"ENSG00000160505",19.6455798926315,6.19926635730547,1.18648047002534,4.38209181580074,1.17545249942409e-05,0.00150472989830122,"NLRP4"
"ENSG00000117560",72.6894075668308,3.27272290887272,0.51895100416211,4.37945565312513,1.18976129539745e-05,0.00151656594058002,"FASLG"
"ENSG00000082293",72.0073110513633,4.31117788613823,0.756671995765529,4.37597519753364,1.2089076111877e-05,0.00153444184292914,"COL19A1"
"ENSG00000211799",21.9776536905214,3.63536045503954,0.602373185592767,4.37496309276483,1.21453025430374e-05,0.0015350739986358,"TRAV19"
"ENSG00000161405",235.662237829428,3.78896702059846,0.637631543061895,4.3739476990205,1.22019624267379e-05,0.00153575539702914,"IKZF3"
"ENSG00000198851",1476.43436737053,3.03455722427094,0.465251576267435,4.37302596714135,1.22536142453999e-05,0.00153580340887428,"CD3E"
"ENSG00000011590",146.731569879988,2.75054861273706,0.401123912789114,4.3641093361028,1.27641729571004e-05,0.00159312833720809,"ZBTB32"
"ENSG00000134516",1926.54826361027,2.98134042169696,0.454347971454324,4.3608435520354,1.29561981800062e-05,0.00161038554556883,"DOCK2"
"ENSG00000020633",1012.56766878027,2.92640178274746,0.442058316702993,4.35780011360302,1.31376283192937e-05,0.00162618866241505,"RUNX3"
"ENSG00000273445",36.9134803400169,3.94352640875245,0.676454365700732,4.35140426021685,1.35268385320351e-05,0.00166747509558482,"RP11-1399P15.1"
"ENSG00000066294",1333.86458605995,3.19105938066246,0.503907270291543,4.34814004448634,1.37296927943295e-05,0.00168032685612271,"CD84"
"ENSG00000187621",66.6421385666602,4.85609324640738,0.886881680921965,4.34792298607267,1.37432842513792e-05,0.00168032685612271,"TCL6"
"ENSG00000110777",2340.16478600003,4.24663936268638,0.747136168409423,4.34544531500616,1.38993396810989e-05,0.00169249886238747,"POU2AF1"
"ENSG00000198821",811.776221237791,2.88688403650448,0.435572799652175,4.33196020966241,1.47787654806877e-05,0.00179229927114979,"CD247"
"ENSG00000117091",706.55707628675,3.30989992253308,0.533404977635797,4.33048062800466,1.48784235531099e-05,0.00179710958682825,"CD48"
"ENSG00000229191",6.99029903368347,4.75735585485304,0.868112498902277,4.32819002099865,1.50339736364155e-05,0.00180137072111531,"RP11-168O16.1"
"ENSG00000163600",201.111486247503,3.30880335751055,0.533433874779046,4.32819036561352,1.50339501181774e-05,0.00180137072111531,"ICOS"
"ENSG00000248996",43.1832824689091,3.13006605192053,0.492256642298708,4.3271453727342,1.51054271017917e-05,0.00180272138977757,"RP11-1334A24.6"
"ENSG00000228427",32.2687876098946,3.74284754253027,0.634233889832914,4.32466253617078,1.52765535806646e-05,0.00181590937503496,"RP5-1091N2.9"
"ENSG00000256574",16.2947139984419,3.70152281717034,0.625279543582001,4.32050407677547,1.55673180032737e-05,0.0018373370155952,"OR13A1"
"ENSG00000130487",166.551184015738,3.71212051778884,0.627757485682251,4.32033162430757,1.55794892993217e-05,0.0018373370155952,"KLHDC7B"
"ENSG00000104972",659.080758870882,3.23889028739738,0.519376613918215,4.31072602693261,1.62719409550788e-05,0.00191147447572309,"LILRB1"
"ENSG00000272053",36.4157362248626,3.12387033079741,0.493678296374447,4.30213429756792,1.69160724159476e-05,0.00197937870788949,"RP11-367G6.3"
"ENSG00000174946",258.734123555221,3.13103528881659,0.497173999682381,4.28629672947097,1.81676284397196e-05,0.00211755373506537,"GPR171"
"ENSG00000237638",9.38925006992897,4.7995511499395,0.887317850146627,4.2820632418379,1.85168334748729e-05,0.00214989049123961,"AC007386.2"
"ENSG00000015285",1081.68582818494,2.81281474313897,0.424134028797547,4.27415538498158,1.91863202707458e-05,0.00221902016876522,"WAS"
"ENSG00000086730",932.781344745348,2.89005537671046,0.442877868568327,4.26766725287123,1.97527666237314e-05,0.00227334791408984,"LAT2"
"ENSG00000258352",26.2370740620601,3.22394785526734,0.521191449364174,4.2670459348104,1.98078386104974e-05,0.00227334791408984,"RP11-23J18.1"
"ENSG00000188389",530.442465518709,3.06029998923638,0.483113507855495,4.26462923461176,2.00234421586825e-05,0.00228932141169211,"PDCD1"
"ENSG00000255760",84.3402670421614,5.90425686703169,1.1508933261353,4.2612610184301,2.03276648675976e-05,0.0023064969738973,"RP11-428G5.5"
"ENSG00000182502",14.7316112721155,4.04781246183022,0.715162836894674,4.26170419461979,2.02873865026729e-05,0.0023064969738973,NA
"ENSG00000188886",10.5232278928614,4.38375953853986,0.794654314251069,4.25815285698024,2.06122993635399e-05,0.00232996765069751,"ASTL"
"ENSG00000226571",15.6933171467761,4.46077941014004,0.812964971419581,4.25698465715798,2.0720256932408e-05,0.0023333657759785,"RP11-445F6.2"
"ENSG00000138964",2245.48796179926,2.98989939336912,0.467570678455454,4.25582587843712,2.08278755743307e-05,0.00233670042258081,"PARVG"
"ENSG00000117090",357.909650365428,3.11815141433149,0.49856814789889,4.24846918772888,2.15236243221906e-05,0.00240195012118238,"SLAMF1"
"ENSG00000230006",835.516958270264,3.74882581382933,0.647203812646243,4.24723365363086,2.16426218583054e-05,0.00240195012118238,"ANKRD36BP2"
"ENSG00000236946",26.7792368677297,6.15594820960852,1.2139763662437,4.24715699001794,2.16500261298362e-05,0.00240195012118238,"HNRNPA1P70"
"ENSG00000007129",133.375764794458,2.54805041590185,0.364840424571491,4.24308906481526,2.20463886603816e-05,0.0024368987908551,"CEACAM21"
"ENSG00000171848",220.231386274752,3.40726613313981,0.567455369019777,4.24221227706087,2.213271951511e-05,0.00243744710689383,"RRM2"
"ENSG00000125354",3162.10400168235,2.32375060515618,0.312337781203479,4.23820198778255,2.25317012737673e-05,0.00247229711229194,"SEPT6"
"ENSG00000249096",129.969191451241,3.44929074569812,0.578684477311136,4.23251502628647,2.31092468082039e-05,0.00252166230816633,"RP11-290F5.1"
"ENSG00000198796",142.653807896546,5.17265610942517,0.985949564933886,4.23211922579932,2.31499627690116e-05,0.00252166230816633,"ALPK2"
"ENSG00000225079",30.7382897100953,3.15201763129579,0.508786149360153,4.22970954300183,2.33993233959738e-05,0.00252249680859367,"FTH1P22"
"ENSG00000237914",24.5502824111617,4.00313591740226,0.709989812037144,4.22982959260427,2.3386840072279e-05,0.00252249680859367,"SIRPG-AS1"
"ENSG00000128340",892.149534167441,3.2118195433523,0.522937676186715,4.22960449031133,2.34102524716755e-05,0.00252249680859367,"RAC2"
"ENSG00000179253",5.90508783988718,4.94710861871348,0.9337932770704,4.22696191505768,2.36867739816981e-05,0.00254314449685221,"RP11-429E11.3"
"ENSG00000266088",111.484131474106,3.98675750127691,0.707447394129199,4.22187928892342,2.42273853755514e-05,0.0025918976033023,"RP5-1028K7.2"
"ENSG00000129173",44.9784495093346,3.39817603980686,0.569134193381675,4.21372686388319,2.51191031965514e-05,0.00267773215748291,"E2F8"
"ENSG00000251002",14.4871691398462,3.60350842857479,0.618208323717279,4.21137718256514,2.53818538490079e-05,0.00269614692215259,"AE000661.37"
"ENSG00000253823",2.69473617334128,5.54986448025358,1.08406658175769,4.19703416452195,2.70433150575791e-05,0.00286248234116531,"IGLV1-62"
"ENSG00000244620",12.0363348025074,4.80149267332568,0.906554588508721,4.19334116391063,2.74875564852217e-05,0.00289925969899583,"AL122127.25"
"ENSG00000258525",6.78260833054172,4.05843959889694,0.729689785793897,4.1914244360285,2.77208516552847e-05,0.00291360740818966,"RP11-829H16.3"
"ENSG00000235532",86.993288270546,4.97149599257519,0.947888132718028,4.18983617949419,2.79155919118798e-05,0.00292381662839286,"LINC00402"
"ENSG00000271680",44.3109778594351,4.23260332149519,0.772315302314952,4.18560050772751,2.84413183735975e-05,0.00296850066857531,"RP11-564A8.8"
"ENSG00000213654",1839.0757789755,2.46833534005635,0.35104952139132,4.18270144404946,2.88065578019623e-05,0.00299618207971451,"GPSM3"
"ENSG00000213231",8.83075820494746,5.95498930598869,1.19033417518233,4.16268759588433,3.14523551409905e-05,0.00326005293511547,"TCL1B"
"ENSG00000091490",3628.51753483815,2.1832338718305,0.284508645847816,4.158867890656,3.19828799178042e-05,0.00328621595854734,"SEL1L3"
"ENSG00000172575",418.52736942575,2.76081331108774,0.423385858241713,4.15888551025358,3.19804132997515e-05,0.00328621595854734,"RASGRP1"
"ENSG00000261416",37.5301305642252,3.7935077317506,0.671757883447492,4.15850383089543,3.20338861590994e-05,0.00328621595854734,"RP11-455F5.5"
"ENSG00000196090",54.5260111914963,2.88347806639946,0.453521003652609,4.15301177063494,3.28127853774325e-05,0.00335463135147096,"PTPRT"
"ENSG00000122986",375.918394077139,2.23876382944917,0.298479314038455,4.15025018882741,3.32112059262891e-05,0.00338381521606119,"HVCN1"
"ENSG00000162594",3.75067968009575,5.2782641517677,1.03122144731579,4.14873465142117,3.34318050610852e-05,0.00339474481560951,"IL23R"
"ENSG00000140030",139.427616988578,2.6716456409532,0.403116303721274,4.14680732464004,3.37143545123559e-05,0.00341186989668115,"GPR65"
"ENSG00000106952",216.698039538689,3.3219267038484,0.560690008939983,4.14119507540029,3.45500957413156e-05,0.00348467379774784,"TNFSF8"
"ENSG00000120659",42.3397043115831,5.3616719176213,1.05368579414668,4.13944265154831,3.48150616081059e-05,0.00349961466600943,"TNFSF11"
"ENSG00000227039",1086.68090002895,3.57887198301716,0.623181950928635,4.13823278927487,3.49991172071467e-05,0.00350634968541832,"ITGB2-AS1"
"ENSG00000232613",18.6672410135298,4.79439869188757,0.919395818836911,4.12705671936567,3.6743579119597e-05,0.00366884637509176,"AC007386.4"
"ENSG00000240143",6.00939313908332,3.91349636397699,0.706479431178979,4.12396488191443,3.72405698931659e-05,0.00370611717989962,"RP4-753P9.3"
"ENSG00000081237",4654.96228381068,2.88650675867196,0.457711438723961,4.12160719411185,3.76238330883976e-05,0.00373186066279123,"PTPRC"
"ENSG00000218018",18.7279129952653,2.48736754437586,0.361255488675881,4.11721784443344,3.83473568240238e-05,0.00379107285037502,"RP4-800J21.3"
"ENSG00000066279",121.787913227958,3.20156159613676,0.534875863522122,4.1160234482065,3.85465107829649e-05,0.00379822608718326,"ASPM"
"ENSG00000229781",15.6360786478798,4.51127388640509,0.854132456751299,4.11092431700846,3.94078366723385e-05,0.00385767465268373,"AC013444.1"
"ENSG00000187912",122.237167657894,5.34237120633417,1.05649337836093,4.11017361327058,3.95361748747757e-05,0.00385767465268373,"CLEC17A"
"ENSG00000160185",285.177995187123,3.10265616896958,0.511393187094894,4.11162334976397,3.92886875800551e-05,0.00385767465268373,"UBASH3A"
"ENSG00000105255",43.1681295373813,3.01094403599248,0.490778398759154,4.09745832554326,4.17711339387626e-05,0.00405489269436963,"FSD1"
"ENSG00000223750",7.46023819441029,5.35941952562599,1.06401461194123,4.09714253610905,4.18281369574434e-05,0.00405489269436963,"SIRPB3P"
"ENSG00000258878",5.77087490033042,5.35955084210352,1.06474070115347,4.09447186284949,4.23131792963025e-05,0.00407553468109563,"CTD-2509G16.3"
"ENSG00000258654",7.76190608925021,3.86967013156688,0.700822993383033,4.09471458365588,4.22688773340372e-05,0.00407553468109563,"RP11-509A17.3"
"ENSG00000257345",4.95986141371707,4.49548514021685,0.854325930750261,4.09151240106588,4.28569023799119e-05,0.00410152878846728,"RP11-511B23.1"
"ENSG00000197549",32.6026213218084,5.70357605622355,1.14956565608958,4.09161149805352,4.28385891566257e-05,0.00410152878846728,"PRAMENP"
"ENSG00000141968",823.219302430357,2.92167116605288,0.469772989815551,4.09063783511137,4.30188453648147e-05,0.00410391564618797,"VAV1"
"ENSG00000164512",113.403539360445,4.30786867888019,0.808882400855267,4.08943089302306,4.32432878697063e-05,0.00411223075599064,"ANKRD55"
"ENSG00000134242",384.531168178199,2.68723386233421,0.412801451186894,4.0872769644657,4.36465943341045e-05,0.00413744852303196,"PTPN22"
"ENSG00000121895",222.339985927427,3.81398621126744,0.688764205053162,4.0855581498319,4.39709860544549e-05,0.00414198392220502,"TMEM156"
"ENSG00000131401",658.196393926387,3.22154888393741,0.543729692814032,4.08575973189904,4.39328234520321e-05,0.00414198392220502,"NAPSB"
"ENSG00000005844",2880.23116560468,3.11710634557981,0.519805956198192,4.0728781968258,4.64357116701727e-05,0.00434825968580161,"ITGAL"
"ENSG00000141524",4266.50702455836,2.29228188362833,0.317295612437736,4.07280098738181,4.64511133185283e-05,0.00434825968580161,"TMC6"
"ENSG00000211792",10.9249363037942,3.67351091847413,0.657207855852865,4.06798381161267,4.74216749749395e-05,0.00442528434228758,"TRAV14DV4"
"ENSG00000257226",5.49817350655439,3.73261597598049,0.671967654424716,4.06658855971264,4.77063610210525e-05,0.00443802498256406,"CTD-2252P21.1"
"ENSG00000167664",35.5830052641314,3.15839487452707,0.530868001751421,4.06578446507639,4.78711630513324e-05,0.00443956869722186,"TMIGD2"
"ENSG00000143167",47.4692229640942,4.07861470917513,0.757949972058238,4.0617650539851,4.87030798197491e-05,0.00450278011111292,"GPA33"
"ENSG00000269553",45.886954739291,3.85114604381274,0.702354210566823,4.05941332865617,4.91961639087677e-05,0.00453437258426811,"U62631.5"
"ENSG00000228495",15.2354674670795,3.76612797438877,0.682169999463233,4.05489537295001,5.01567477383221e-05,0.00460872815491239,"LINC01013"
"ENSG00000112799",197.030689448215,3.15716013679923,0.53215913909136,4.0535997192165,5.04354862432273e-05,0.0046201681664094,"LY86"
"ENSG00000124557",19.78477209459,2.98215988430749,0.48964603348013,4.04814855788662,5.16243773577513e-05,0.00471465921875439,"BTN1A1"
"ENSG00000211772",2866.3697055984,3.15529333261948,0.532580272375217,4.04688916284345,5.19028019449304e-05,0.00472567912541152,"TRBC2"
"ENSG00000108405",245.49676256591,2.79328395990282,0.443813675409993,4.04062348517358,5.33092862424917e-05,0.00483902930119345,"P2RX1"
"ENSG00000230138",13.3421351200514,4.10612134532111,0.768870824417407,4.03984810800267,5.34858286730584e-05,0.00484038670060865,"RP11-117D22.2"
"ENSG00000135898",54.0892520673773,3.27500655692209,0.56377199236554,4.03533092762617,5.45253916056913e-05,0.00487554658372681,"GPR55"
"ENSG00000187510",25.8422762422317,4.3929175182039,0.840625424310215,4.03618237098645,5.43279917290242e-05,0.00487554658372681,"PLEKHG7"
"ENSG00000138623",437.42256988722,2.72693266014568,0.427919597445973,4.03564751521743,5.44519142469096e-05,0.00487554658372681,"SEMA7A"
"ENSG00000180448",6260.81186364641,2.62309849097107,0.40205357688557,4.03702039798797,5.4134363625604e-05,0.00487554658372681,"ARHGAP45"
"ENSG00000240219",430.209493294531,2.43325743529542,0.355464973936366,4.03206374857062,5.52891838556176e-05,0.00492005004401707,"RP11-430C7.5"
"ENSG00000102445",169.672409244456,2.54598770875928,0.383448635516021,4.0317986962681,5.53515895454432e-05,0.00492005004401707,"RUBCNL"
"ENSG00000026559",39.7499665810177,3.25686665446867,0.56026470342451,4.02821495031546,5.62019484255157e-05,0.00498085610972285,"KCNG1"
"ENSG00000124507",91.9141676811096,2.61815954631801,0.402362989973828,4.02164112167291,5.77940658715758e-05,0.00509182718583251,"PACSIN1"
"ENSG00000034063",134.303628844354,3.08759318707825,0.519015505833626,4.02221737812095,5.76528119017451e-05,0.00509182718583251,NA
"ENSG00000182183",137.975601494257,2.71446647877467,0.42664443545363,4.01849019067075,5.85722471498689e-05,0.00513020954203018,"FAM159A"
"ENSG00000223511",51.6116298933885,3.4912291547843,0.61991340846631,4.01867280294468,5.85268780838495e-05,0.00513020954203018,"RP13-297E16.4"
"ENSG00000226979",68.9495434705062,3.31663961385145,0.577488520991989,4.01157690523789,6.03145223176285e-05,0.00526740966771009,"LTA"
"ENSG00000118308",1271.89630422196,2.44788278233212,0.361343184474506,4.00694642805496,6.15088074175459e-05,0.00535609397149008,"LRMP"
"ENSG00000235419",6.02548805828232,3.33682670320468,0.583305818727751,4.00617759703055,6.17092576358308e-05,0.00535797336951104,"AC010149.4"
"ENSG00000235304",39.1765171464053,5.26330523806269,1.06478576789586,4.00390892384624,6.23043590482633e-05,0.00539400888812349,"LINC01281"
"ENSG00000240505",206.286689072777,4.79406530210462,0.947841006389399,4.00284992580909,6.25840037041442e-05,0.0054026047001661,"TNFRSF13B"
"ENSG00000239961",17.3013529837883,3.81902126118737,0.704801631983153,3.99973713632768,6.34128788768556e-05,0.00545842754815003,"LILRA4"
"ENSG00000023892",2167.9313328396,2.3217583307747,0.331313277668477,3.9894517360614,6.62261922864583e-05,0.0056842567047016,"DEF6"
"ENSG00000216863",11.6309971324234,4.46281418958445,0.868247364419084,3.9882806807036,6.65538923011741e-05,0.00569606241109049,"LY86-AS1"
"ENSG00000260101",27.3096793565924,2.71031866403438,0.42934588397466,3.98354503413692,6.78947982302176e-05,0.00576144102262371,"RP11-568N6.1"
"ENSG00000179813",10.0437143030032,5.66275680553576,1.17032252695814,3.98416393612028,6.77181142352602e-05,0.00576144102262371,"FAM216B"
"ENSG00000254887",13.6059949706093,4.73404978566753,0.937079652761515,3.98477309230173,6.75446373826062e-05,0.00576144102262371,"CTC-378H22.1"
"ENSG00000168071",3742.64110246664,2.85427069510646,0.465990802225601,3.97920020363138,6.91474946846242e-05,0.00585116724089808,"CCDC88B"
"ENSG00000253535",7.55278430788985,4.4104989854995,0.857323564089941,3.97807680594874,6.94749316444698e-05,0.00586231430256364,"RP11-624C23.1"
"ENSG00000082074",663.465355628927,2.91121550241582,0.480568355395504,3.97698991404231,6.97931240602885e-05,0.00587262087423017,"FYB"
"ENSG00000147138",225.402165197157,3.37483018969344,0.59815422091144,3.9702640333705,7.17930277253091e-05,0.00602397799863203,"GPR174"
"ENSG00000115232",813.598752013474,2.74903401402248,0.440879327754418,3.96714906759417,7.27375010959407e-05,0.00608617833890755,"ITGA4"
"ENSG00000178562",414.860790497391,3.40785559243641,0.607331220053475,3.96464978735064,7.35037803709176e-05,0.00613316362398562,"CD28"
"ENSG00000110448",569.46477333802,3.14438748512464,0.542456945991063,3.95310171797482,7.71446228724467e-05,0.00641907549484484,"CD5"
"ENSG00000082512",2433.4128744019,2.34629868181093,0.340779352303644,3.95064628390789,7.79404423496581e-05,0.00644946395188953,"TRAF5"
"ENSG00000112182",610.487451974726,2.32470874883568,0.335270530370607,3.95116369867446,7.77721026813332e-05,0.00644946395188953,"BACH2"
"ENSG00000267702",65.4035657951569,2.50630443209051,0.381363451061526,3.9497870807958,7.82207432871083e-05,0.00645482745224608,"RP11-53B2.2"
"ENSG00000115085",2058.04109678924,2.88837351367927,0.479105501198593,3.94145654548959,8.09883086974614e-05,0.00666484831602323,"ZAP70"
"ENSG00000240535",5.62152636338676,4.11446074762919,0.791070140662458,3.93702225319878,8.24989591587154e-05,0.00671537043912859,"CTD-2313F11.1"
"ENSG00000123219",103.685495624826,2.25488281986218,0.31863402106387,3.93832025742989,8.20540275223914e-05,0.00671537043912859,"CENPK"
"ENSG00000141506",1215.0803772476,2.74823364768568,0.443911442743404,3.9382486670798,8.20785081468504e-05,0.00671537043912859,"PIK3R5"
"ENSG00000100351",376.51450573544,2.67299482425695,0.424934510094537,3.93706508771139,8.24842399752152e-05,0.00671537043912859,"GRAP2"
"ENSG00000050730",18.7042758613725,3.5366221773888,0.644547796593515,3.93550670841642,8.3021345027829e-05,0.00673957829351929,"TNIP3"
"ENSG00000187997",7.21897766204301,3.87733044195318,0.732083642378023,3.93033019096938,8.48292864035274e-05,0.00686773317356125,"C17orf99"
"ENSG00000117650",31.9103923739458,3.01923457009485,0.514128159765828,3.92749265283301,8.58360422336568e-05,0.00693050847738326,"NEK2"
"ENSG00000092345",3.87822789507496,4.95656723160763,1.00858272838171,3.9228980630632,8.74901748524184e-05,0.00704507577339837,"DAZL"
"ENSG00000165304",59.8366364654859,3.10673949569362,0.537943498807271,3.91628395986694,8.99243245014373e-05,0.00722167061780309,"MELK"
"ENSG00000157456",122.284872420898,2.51567696843614,0.387643440535209,3.9099770818861,9.23048784009566e-05,0.00739302842914614,"CCNB2"
"ENSG00000113263",1321.37933317512,3.03213533749389,0.519901654908594,3.90869180412816,9.27972566124918e-05,0.00739559760116293,"ITK"
"ENSG00000107317",3397.97797823719,2.47704310518786,0.37789524376253,3.90860464524934,9.28307360386334e-05,0.00739559760116293,"PTGDS"
"ENSG00000139618",113.831263595614,2.43563377568549,0.367900926600956,3.90222930110381,9.53108022774582e-05,0.00757303735337204,"BRCA2"
"ENSG00000116191",1341.29322703558,2.01210155657156,0.259475498552253,3.90056695995804,9.59676775088114e-05,0.00760505761845621,"RALGPS2"
"ENSG00000229613",4.48757245026783,5.91848118054866,1.26213851701082,3.89694246254155,9.74147509274968e-05,0.00769936375734345,"LINC01501"
"ENSG00000105409",64.9023790832322,2.58951397214631,0.40812667359119,3.89465838672061,9.8337219493577e-05,0.00775181949981605,"ATP1A3"
"ENSG00000145287",246.301723752086,2.74238073147807,0.447624580438167,3.89250458447234,9.92146241690722e-05,0.00780045686872587,"PLAC8"
"ENSG00000226397",2.53810323461628,5.13912501369534,1.06353961127317,3.89183907192732,9.94872283633941e-05,0.00780141341786773,"C12orf77"
"ENSG00000188820",121.873990223917,2.79658902612941,0.461941808759357,3.88921070156982,0.000100570775523106,0.00786579002818447,"FAM26F"
"ENSG00000121152",85.8325701646905,2.63798676237878,0.421648392130334,3.88472194593942,0.000102447067902181,0.00799167166408808,"NCAPH"
"ENSG00000235621",85.8838022261385,4.44223846174051,0.886561079259338,3.88268619305538,0.000103308855389231,0.00803796561866085,"LINC00494"
"ENSG00000100628",236.880004749884,2.47992287234806,0.381640189342024,3.87779619043676,0.000105406961145872,0.00817996248996012,"ASB2"
"ENSG00000150275",13.9493072468691,3.96342562567796,0.764443961733954,3.87657666751158,0.000105936439619314,0.00819980891161899,"PCDH15"
"ENSG00000227145",11.8551478310225,4.66560715585999,0.947920942967342,3.86699669740948,0.000110183919508629,0.00850659615690978,"IL21-AS1"
"ENSG00000127152",740.864131609474,2.4713683563047,0.380933235385657,3.86253605520949,0.000112215996981355,0.00864120871356423,"BCL11B"
"ENSG00000272144",61.9575133838549,2.23847316668777,0.321455093447598,3.85270973125724,0.000116817842769446,0.00897250892348395,"CTD-2035E11.5"
"ENSG00000189127",8.88604842322225,4.14943234349683,0.819745480010767,3.8419636585925,0.000122053910936222,0.00935070307441053,"ANKRD34B"
"ENSG00000261218",15.0164715057846,3.69188308029396,0.700997519455029,3.84007504389843,0.000122996707018126,0.0093988937722652,"RP11-960L18.1"
"ENSG00000164691",622.3093234767,2.86711503773905,0.48650307575398,3.83782781813949,0.000124127466179663,0.00943715291728883,"TAGAP"
"ENSG00000106948",5150.21581388033,2.09859914472366,0.286253344895163,3.83785609606067,0.000124113176610917,0.00943715291728883,"AKNA"
"ENSG00000152192",7.11191288536063,4.20416205577543,0.835172090360228,3.83652913304778,0.000124785399196254,0.00946315603271848,"POU4F1"
"ENSG00000221946",32.4274750013396,2.77735079064009,0.463426662535091,3.83523636926158,0.000125443596221171,0.00948904778991204,"FXYD7"
"ENSG00000257027",236.21316312867,2.04860251897574,0.273512437414258,3.83383852262462,0.00012615897670394,0.0095191237963892,"RP11-705C15.3"
"ENSG00000237945",497.760671855376,2.56088722415503,0.407270095261706,3.83256036304858,0.000126816468551747,0.00954469174740596,"LINC00649"
"ENSG00000143228",71.6676611871478,2.69051061383872,0.441173331395732,3.83185132358405,0.000127182593472048,0.00954825711141657,"NUF2"
"ENSG00000160593",925.278881082579,2.5222969436347,0.397606716698554,3.82864996918256,0.000128848107377637,0.00964911264124283,"JAML"
"ENSG00000136541",145.291033017719,3.06143015160416,0.538716691390597,3.82655704667877,0.000129948045061521,0.00970721618408447,"ERMN"
"ENSG00000186081",939.529732145659,4.17727035726236,0.830749701216994,3.82458200419196,0.000130994140869353,0.00976101863119772,"KRT5"
"ENSG00000132185",362.740420424519,5.29149277952239,1.12318514909526,3.82082400482169,0.000133006543888434,0.00986190847073769,"FCRLA"
"ENSG00000150556",26.1634384431081,3.39467842830095,0.626686255663384,3.82117591802941,0.000132816865827262,0.00986190847073769,"LYPD6B"
"ENSG00000154451",1047.45118732463,2.94046010640328,0.50802018719223,3.81965157158022,0.000133640318182204,0.00988443390406894,"GBP5"
"ENSG00000160791",341.112078662666,2.66363354525369,0.435781385049401,3.81758744712121,0.000134763027732033,0.00994292240323408,"CCR5"
"ENSG00000163564",532.351393646031,3.03552630690499,0.533691974939982,3.81404705801301,0.000136709418938542,0.0100210876724323,"PYHIN1"
"ENSG00000166211",5.00347493891828,4.80921227398265,0.998560773959692,3.81470249314682,0.000136347095950543,0.0100210876724323,"SPIC"
"ENSG00000211979",23.3256259131824,5.95578160093056,1.29942165656229,3.8138363909075,0.00013682606770238,0.0100210876724323,"IGHV7-81"
"ENSG00000260396",31.3752574047993,2.80376915075133,0.473051988922583,3.81304633103768,0.000137264368531428,0.0100286686813633,NA
"ENSG00000236320",25.3827063748978,2.9983425279116,0.52529837953202,3.8042046306937,0.000142260545910864,0.0103684054811677,"SLFN14"
"ENSG00000211795",18.8030336224027,3.45094684827515,0.644442069042935,3.8032074037548,0.000142834674341181,0.0103849822084711,"TRAV8-6"
"ENSG00000211745",20.0317106791792,3.56318951368372,0.674349997876685,3.80097801105419,0.000144126093132087,0.0104535039219653,"TRBV4-2"
"ENSG00000102575",687.999924679508,2.45342404266647,0.382455687483354,3.80024167565747,0.000144555039698074,0.010459290372357,"ACP5"
"ENSG00000179583",3243.0118643392,2.57968796009051,0.415782380602938,3.79931433794707,0.000145096963693202,0.0104732037287467,"CIITA"
"ENSG00000253988",8.9528343988735,4.17398625284421,0.838043720161528,3.78737549901626,0.000152246928756393,0.0109628768050427,"RP11-489O18.1"
"ENSG00000184922",2736.55537508817,2.39091301330377,0.367521832079238,3.78457248494529,0.000153973027929775,0.0110605804595597,"FMNL1"
"ENSG00000167769",12.7694377721492,2.93357355950151,0.511154763505126,3.78275563010013,0.00015510167068232,0.0111150013045189,"ACER1"
"ENSG00000113368",452.149267679099,2.1454124431547,0.303039486195817,3.77974651928548,0.000156988096096696,0.0111700199966188,"LMNB1"
"ENSG00000214402",153.230891005742,2.93889720323189,0.512940169568073,3.77996756398423,0.000156848790610554,0.0111700199966188,"LCNL1"
"ENSG00000130812",59.3182636198421,3.14170764994884,0.566577847641486,3.78007657529182,0.000156780132990432,0.0111700199966188,"ANGPTL6"
"ENSG00000123338",1185.44017135742,2.68241536023421,0.445836975361161,3.77361110273846,0.000160901514567525,0.0114213385518251,"NCKAP1L"
"ENSG00000213809",968.056510126713,2.48325546442853,0.393219446932878,3.77208064351333,0.000161891911043034,0.0114644732749269,"KLRK1"
"ENSG00000244167",5.00992703943716,4.08916168434289,0.819193102584197,3.77098107222575,0.00016260700770912,0.0114879549903931,"RP4-733B9.1"
"ENSG00000126860",430.129927568227,2.56722950575918,0.416080904106989,3.76664607841794,0.000165455291300296,0.0116616782374127,"EVI2A"
"ENSG00000134762",138.783110096986,4.03387401580417,0.805736538317013,3.76534248048524,0.000166320950904414,0.0116951739069054,"DSC3"
"ENSG00000211809",5.22597573158232,4.28774790798143,0.873645610140195,3.76325121974097,0.000167718567074068,0.0117658306245989,"TRAV27"
"ENSG00000101082",196.011744120218,2.54336459858359,0.410358684016806,3.76101361734649,0.000169226216002089,0.0118438581783705,"SLA2"
"ENSG00000142583",263.032089094996,2.71897636118477,0.457315752603119,3.75883916396946,0.000170703522646387,0.0119194033120572,"SLC2A5"
"ENSG00000211750",10.1698720774371,4.87669902129375,1.03305141200046,3.75266804368109,0.000174962472205059,0.0121883740811687,"TRBV24-1"
"ENSG00000225460",14.5893943259984,3.78300422607348,0.74298290141414,3.74571772886901,0.000179878758915893,0.012501782420709,"RP13-93L13.1"
"ENSG00000211714",14.9377743966192,3.33377122370507,0.623974017349855,3.74017372328591,0.00018389311317367,0.0127511995488826,"TRBV7-3"
"ENSG00000213186",294.419504526178,1.83890990720179,0.224561592383558,3.73576753841727,0.000187143491531937,0.0129308894679721,"TRIM59"
"ENSG00000131747",341.435250860918,2.68840250288723,0.451989218686184,3.7354928681595,0.000187347889470869,0.0129308894679721,"TOP2A"
"ENSG00000043462",1522.55899027602,2.12898959036193,0.302506603292527,3.73211552433513,0.000189878378911275,0.0130754180236488,"LCP2"
"ENSG00000260831",20.4766816621036,2.35780196270497,0.364088463682825,3.72931882809619,0.000191998093852079,0.0131910617003188,NA
"ENSG00000198846",379.13545135463,2.5377474624425,0.412903562136284,3.72422910203653,0.000195912954579787,0.0134148329908365,"TOX"
"ENSG00000254802",8.5801084594121,3.35280877513206,0.631809193278721,3.72392298206734,0.000196150787847984,0.0134148329908365,"AC022182.3"
"ENSG00000182487",237.057337315656,3.10974204633967,0.566789485716231,3.72226743704263,0.000197441735677458,0.0134723626246429,"NCF1B"
"ENSG00000188848",97.5503436213239,4.33399092472638,0.896146792375102,3.72036250432828,0.000198937025427569,0.0134916309371998,"BEND4"
"ENSG00000177669",10.3013257761312,2.6477611920547,0.442924289619539,3.72018701767312,0.000199075308771234,0.0134916309371998,"MBOAT4"
"ENSG00000126353",614.082187134422,2.67786904820752,0.451009000538875,3.72025623923862,0.000199020751450761,0.0134916309371998,"CCR7"
"ENSG00000170858",5.75002258981555,4.41432103704433,0.917956948497255,3.71947839453011,0.000199634622398458,0.0134989957425414,"LILRP2"
"ENSG00000120280",89.3449690009952,2.74689699615533,0.469835501857604,3.71810344098854,0.000200724082152107,0.0135420943262756,"CXorf21"
"ENSG00000117724",192.170176969501,2.52825416829237,0.411332976031318,3.71536992496321,0.000202906625417849,0.0136279550771114,"CENPF"
"ENSG00000165178",200.837967195781,3.20215185277968,0.592683707337623,3.71555996143693,0.000202754174896346,0.0136279550771114,"NCF1C"
"ENSG00000228863",11.4978094265451,3.3889292058178,0.643210628418009,3.7140698556139,0.000203952455079193,0.0136675521071527,"RP11-404F10.2"
"ENSG00000225885",17.0168364145059,3.6561106358997,0.715358807914482,3.71297676985788,0.000204835694943206,0.0136959916514799,"AC023590.1"
"ENSG00000172543",423.857738728204,2.4319114197626,0.385708910508681,3.71241467529015,0.000205291278635102,0.0136959916514799,"CTSW"
"ENSG00000211746",42.8183237406713,2.95013342649934,0.52598740307426,3.70756678791415,0.000209260237575456,0.0138988701032656,"TRBV19"
"ENSG00000226751",14.9720457298594,3.66000869105657,0.71734769566608,3.70811631113788,0.000208806748742609,0.0138988701032656,"AF127936.5"
"ENSG00000241490",27.4796172596531,3.94613318814912,0.796136856719321,3.70053611170495,0.000215144459055493,0.0142580802455914,"RP11-553L6.2"
"ENSG00000168685",4195.32709941754,3.07527382659917,0.561223564950477,3.69776673005935,0.000217504623803075,0.0143647241737729,"IL7R"
"ENSG00000256582",9.37064178533621,3.42751360169782,0.65652411400383,3.69752389884594,0.000217712728255479,0.0143647241737729,"RP11-75L1.1"
"ENSG00000106462",434.12249950009,2.04906319512439,0.283837382733625,3.69600080518255,0.000219022277222946,0.0143877463030994,"EZH2"
"ENSG00000267731",119.278275504891,2.12329859883957,0.303893619323624,3.69635466957053,0.000218717368392847,0.0143877463030994,"RP11-147L13.8"
"ENSG00000262222",183.487414449356,2.29684645472343,0.351653277969466,3.68785544162064,0.000226152062261195,0.0148235996171424,"RP11-876N24.4"
"ENSG00000158517",394.404567404731,3.06060652216592,0.558990734860696,3.68629816857239,0.000227539742918017,0.0148819934478367,"NCF1"
"ENSG00000213075",6.10444746828065,3.47836761308543,0.672827359184751,3.68351194292755,0.000230042500669567,0.0150129043737622,"RPL31P11"
"ENSG00000136167",4266.19569947556,2.57793623202162,0.428486815222709,3.68257826370101,0.000230886951663525,0.0150352579066976,"LCP1"
"ENSG00000156234",823.309402296187,5.19821569971296,1.14020045264835,3.68199792410337,0.000231413295533692,0.0150368443985071,"CXCL13"
"ENSG00000102245",126.566216267001,2.92506744077994,0.523998451644408,3.67380368155424,0.000238966361694528,0.0154940202696095,"CD40LG"
"ENSG00000250081",2.51044404799873,4.73856206131996,1.018047161064,3.67228769383594,0.000240388839090214,0.0155525867709446,"CTD-2116N20.1"
"ENSG00000105251",7.82951547112797,3.28825961831889,0.623570785047057,3.66960684045872,0.000242923794156122,0.015682720374885,"SHD"
"ENSG00000196664",87.9185717559505,3.27613521405658,0.620370423582766,3.66899376168101,0.000243507020418534,0.0156865651540585,"TLR7"
"ENSG00000230155",10.099561141994,2.70469242324672,0.465114901947148,3.66509956165719,0.000247242381371841,0.015893016167368,"RP3-477O4.14"
"ENSG00000211724",9.96025330316577,3.77989539613471,0.7586929377941,3.66405861667469,0.00024824993321901,0.0159236118834592,"TRBV6-6"
"ENSG00000263391",5.40314818946548,3.24031195071133,0.611774140513023,3.66199190575896,0.000250261768776782,0.0160183574438216,NA
"ENSG00000161270",24.5400603707481,4.92043935101525,1.07128733047443,3.65955914859839,0.000252649523558098,0.0161367089087054,"NPHS1"
"ENSG00000258702",10.8193757292843,3.10359808264005,0.575243361268054,3.656883719619,0.000255300121684305,0.0162713088192625,"RP11-433J8.1"
"ENSG00000123485",95.9632514555492,2.89148649226963,0.517795211232457,3.65296250571246,0.000259232095881806,0.0164868310661136,"HJURP"
"ENSG00000137841",2938.65250631585,2.5628192587188,0.427900062447992,3.65229967431647,0.00025990233052551,0.0164944370993467,"PLCB2"
"ENSG00000211800",5.13297742891844,5.36419532974616,1.19520486815824,3.65142030961704,0.000260794024804818,0.0165160359683474,"TRAV20"
"ENSG00000137101",755.408527704684,2.43360112541498,0.393141541681874,3.64652669184229,0.000265808878617763,0.0167981117278377,"CD72"
"ENSG00000072571",77.7492121924899,2.37026269057847,0.376138195822995,3.64297671918248,0.000269503221804526,0.0169957242297991,"HMMR"
"ENSG00000168078",36.6640549220802,3.22410129375173,0.610670782554507,3.64206272395751,0.000270462148601644,0.0170203648347946,"PBK"
"ENSG00000272282",64.1204822814314,2.86890906607753,0.513702687038447,3.63811425019402,0.000274641595440119,0.0172471467325131,"RP11-222K16.2"
"ENSG00000007038",14.2002197596522,3.27259972044937,0.625218542783867,3.63488854685966,0.000278100835849075,0.0174278463135127,"PRSS21"
"ENSG00000214711",36.8681742240765,2.30958852739982,0.36039789617584,3.63372966739201,0.000279353555399683,0.0174334078166615,"CAPN14"
"ENSG00000124196",7.58948345865674,4.0449670619915,0.837850484617578,3.63426066809679,0.000278778902055881,0.0174334078166615,"GTSF1L"
"ENSG00000211749",24.6758583818195,3.49949867559312,0.688427120342534,3.63073824626413,0.000282611691495644,0.0176000690618545,"TRBV23-1"
"ENSG00000111728",469.831883777851,2.30464646773165,0.359429824253938,3.62976686878914,0.000283677312201635,0.0176297798485477,"ST8SIA1"
"ENSG00000244720",25.1100665971159,2.73532138413478,0.478219192775688,3.62871547263212,0.000284834957125843,0.0176650748254754,"RP11-402J7.2"
"ENSG00000232788",29.081134938653,2.21329893330261,0.335246063866688,3.6191295411751,0.000295595648013984,0.0182945612319399,"AC078883.3"
"ENSG00000259834",615.046916327689,2.63097507312184,0.450861178756062,3.61746619574066,0.000297501170961719,0.0183745310848625,"RP11-284N8.3"
"ENSG00000128886",248.844959658589,2.40815073683415,0.389387213843363,3.61632505324277,0.00029881510741068,0.0184177089351583,"ELL3"
"ENSG00000204261",651.829016077311,1.96755826324946,0.267723022831578,3.6140271128574,0.000301477514843171,0.0185263974264841,"PSMB8-AS1"
"ENSG00000259772",181.695690108243,2.69573617187802,0.469247282775579,3.613736795337,0.000301815454652786,0.0185263974264841,"RP11-16E12.2"
"ENSG00000265975",5.89248161486487,4.03671153171042,0.841095101562404,3.61042589128088,0.000305694638932679,0.0187261409186675,"CTB-41I6.2"
"ENSG00000058335",40.6182285363392,2.6746659821209,0.464031172371309,3.60895147100346,0.00030743710904076,0.0187944461251346,"RASGRF1"
"ENSG00000259078",10.1057481034112,4.10078335658035,0.859486836380667,3.60771477273331,0.000308905806427013,0.0188457707362957,"PTBP1P"
"ENSG00000188263",28.0471664319538,3.8640870504093,0.794826263424104,3.60341269810441,0.000314066265965659,0.0191216564979702,"IL17REL"
"ENSG00000135476",133.052484467705,2.507189657647,0.418352918551355,3.60267513578248,0.000314959056556973,0.0191371167123005,"ESPL1"
"ENSG00000197943",2344.94963675048,1.93459001219569,0.259529984013263,3.60108684840024,0.000316889690007799,0.0191766276044113,"PLCG2"
"ENSG00000248099",30.4320825072316,3.15350654200325,0.598010352930532,3.60111916365671,0.00031685029922097,0.0191766276044113,"INSL3"
"ENSG00000237604",32.9193985359578,2.89163816835409,0.526086838586162,3.59567666326304,0.000323549468213492,0.0195401700006757,"AP001056.1"
"ENSG00000232810",74.053615935728,3.52842052724986,0.70335815675895,3.59478382805814,0.000324661035297034,0.0195678497229832,"TNF"
"ENSG00000211672",31.5262213440905,5.85281890988764,1.35284828659445,3.58711243379974,0.000334360175411946,0.0201119659728209,"IGLV4-3"
"ENSG00000146477",497.416638535357,2.05345040787903,0.29383545520538,3.58517118753658,0.000336857173925588,0.0202215564026873,"SLC22A3"
"ENSG00000160224",54.2398057543018,3.27909831441806,0.636217882291051,3.58226069693439,0.00034063360645187,0.0204073593625315,"AIRE"
"ENSG00000172724",3478.19002121317,3.59562331413027,0.725668338046641,3.57687276410211,0.000347729321010591,0.0207908818580284,"CCL19"
"ENSG00000225963",233.252000711553,2.23361703245087,0.345765758190267,3.5677825326244,0.000360015099588199,0.0214825743190528,"AC009950.2"
"ENSG00000154839",30.0712495373693,2.68816235594806,0.473893180503759,3.56232675505798,0.000367582474962148,0.0218905229373581,"SKA1"
"ENSG00000145649",331.157737295683,2.77258688853511,0.497737785551964,3.56128656491169,0.000369042034408418,0.0219338375807622,"GZMA"
"ENSG00000213886",46.9775648987568,4.26706413301959,0.918589336707326,3.55661012213613,0.000375671045463255,0.0222836161719837,"UBD"
"ENSG00000224298",45.1553876550823,2.83270590694628,0.516990019103418,3.54495413687989,0.000392681405554982,0.0232465839988132,NA
"ENSG00000156127",198.080608486512,2.67156577679869,0.471798215058081,3.54296757267915,0.000395651349774435,0.0233762054881523,"BATF"
"ENSG00000261448",9.84566825498087,4.03010768373852,0.855849784662284,3.54046672446637,0.000399419999271759,0.0235524135397353,"CTD-2576D5.4"
"ENSG00000153283",911.96428159507,2.18848206300494,0.335752221990578,3.53975933787949,0.000400492063597805,0.0235692333302009,"CD96"
"ENSG00000023445",2179.56285676166,2.51572252368675,0.428490142521103,3.537356810051,0.00040415326564182,0.0237380609260798,"BIRC3"
"ENSG00000143297",1784.98931418594,4.37409326023259,0.956049655227121,3.52920294650494,0.000416813352278735,0.0244337455332867,"FCRL5"
"ENSG00000186185",119.013398545254,3.11245959664539,0.598673917223091,3.528564609001,0.00041781993950961,0.0244449146250202,"KIF18B"
"ENSG00000218052",35.4651828242175,2.88317683907633,0.533965526453317,3.52677606658372,0.000420652376424463,0.0245626548456039,"ADAMTS7P4"
"ENSG00000121807",357.438149676258,2.7194761462271,0.487682046380261,3.52581391705852,0.000422183498384576,0.0246040986266731,"CCR2"
"ENSG00000124256",456.255682131236,3.19721017899506,0.62339726670559,3.5245746113172,0.00042416334365276,0.0246714814740163,"ZBP1"
"ENSG00000119866",421.730958330305,2.18289353453274,0.3358030348792,3.52258142919487,0.000427365732998168,0.0248095746743413,"BCL11A"
"ENSG00000088340",1148.34272740516,2.822790713274,0.517694679351367,3.52097633214585,0.000429960991506923,0.0249119564808315,"FER1L4"
"ENSG00000134028",220.40267135951,4.05840711286256,0.868991253005924,3.51949125182013,0.000432375295056578,0.0250034786938606,"ADAMDEC1"
"ENSG00000172116",273.25728553039,2.4363119597934,0.408508047719521,3.51599428165872,0.000438110420140506,0.0252863152896124,"CD8B"
"ENSG00000176749",208.712358145969,2.33906196033281,0.380934965317659,3.51519834682589,0.000439425658010539,0.0252989176101858,"CDK5R1"
"ENSG00000261857",69.282668444208,2.38778174797259,0.39483489514202,3.51484067149995,0.000440017896007571,0.0252989176101858,"MIA"
"ENSG00000211978",17.754217830513,5.225456997609,1.204755005888,3.50731640620534,0.000452650581793091,0.0259753796505978,"IGHV5-78"
"ENSG00000226574",3.38229299417827,-4.16911188971201,0.903845874495902,-3.50625253611906,0.000454463810513586,0.0260295668144063,NA
"ENSG00000271288",99.8095189879145,5.10507914293925,1.17179041731571,3.50325372376998,0.000459611444710738,0.0262688042569821,"IGHV1OR15-3"
"ENSG00000090889",65.3265718955929,2.38052910651796,0.394121567961699,3.50280019857256,0.000460394666496933,0.0262688042569821,"KIF4A"
"ENSG00000258181",10.1881752110111,2.94921912631503,0.557108196253432,3.49881609967971,0.000467328783243664,0.0266137522852927,"RP11-493L12.4"
"ENSG00000107099",3068.13746258078,2.09092417981547,0.311917403803779,3.49747775055779,0.000469679888797543,0.0266864166037233,"DOCK8"
"ENSG00000256084",4.40807813547526,4.28974701484027,0.940713420641366,3.49707673203744,0.00047038651199352,0.0266864166037233,"RP11-134N1.2"
"ENSG00000110324",2290.90291652397,2.32083182992114,0.377940299533289,3.49481606368045,0.000474388559914302,0.0268625884919336,"IL10RA"
"ENSG00000243536",12.9287568399291,3.57537213428842,0.737148952146908,3.49369300029225,0.000476388500089816,0.0269249387173405,NA
"ENSG00000257275",34.0556890897787,6.60393238462921,1.60513313695568,3.49125705251946,0.000480753471762636,0.0271204712742933,"RP11-164H13.1"
"ENSG00000243811",543.11977824628,2.18568380438602,0.339751022530982,3.48986088563693,0.000483272049662933,0.0272113049767916,"APOBEC3D"
"ENSG00000102096",2233.21676504197,2.6142969390913,0.46271779366547,3.48872889953825,0.000485323093389848,0.027275522068467,"PIM2"
"ENSG00000211793",15.7347001767818,4.1041136263324,0.890102945915779,3.48736473750095,0.00048780560262274,0.0273637019224048,"TRAV9-2"
"ENSG00000268804",6.74151033130281,5.23416567729873,1.21493117505007,3.48510744003603,0.000491939470690546,0.0275338299006352,"RP11-542M13.3"
"ENSG00000176160",22.050798697654,2.78866228691963,0.513289192966444,3.48470669445122,0.000492676776055432,0.0275338299006352,"HSF5"
"ENSG00000260303",25.3066564123679,5.89185607994454,1.40508724899218,3.48153190020998,0.000498554393046414,0.0278104224277566,"RP11-203B7.2"
"ENSG00000224478",6.0447515040212,3.54844749777572,0.733216170798987,3.47571098302247,0.000509501047420571,0.0283682228168833,"RP11-13P5.1"
"ENSG00000263413",2.01085936524622,4.80290801727436,1.0944192307826,3.47481834228642,0.000511199403831096,0.0284099779995556,"MIR4538"
"ENSG00000211767",4.5728872365006,3.93455511780554,0.844878150015512,3.4733471539673,0.000514010037347912,0.0285132790162161,"TRBJ2-3"
"ENSG00000125910",476.206390542195,2.17818447912544,0.339478219512655,3.47057458006234,0.000519346096704545,0.0287560301788995,"S1PR4"
"ENSG00000211716",17.3180208707775,3.15602398444421,0.62144750988003,3.46935815200295,0.000521703474883731,0.0288332612364246,"TRBV9"
"ENSG00000144218",408.779900329045,2.77461907457379,0.512542366047727,3.46238514536482,0.000535410378152162,0.0295363128499963,"AFF3"
"ENSG00000257499",60.5275945692922,2.08147141518136,0.312504360218115,3.4606602430332,0.000538852424062918,0.0296715521375087,NA
"ENSG00000265148",44.5530266061951,2.50154373939031,0.43508397133242,3.45115848508947,0.000558185688423796,0.0306797289848345,"TSPOAP1-AS1"
"ENSG00000258760",4.63601813633503,4.75545980233455,1.08870751703872,3.44946621894317,0.000561696004592461,0.0308161242079985,"CTD-2509G16.5"
"ENSG00000258987",2.49274701182363,4.38129787777383,0.982029765731403,3.44317249412036,0.000574932481254793,0.0314751381275587,"RP11-131H24.4"
"ENSG00000172653",29.4773636494265,2.72405390906187,0.500776641919304,3.44276023429162,0.000575809570819634,0.0314751381275587,NA
"ENSG00000260997",137.298227024729,2.56596538288814,0.455475437216179,3.43808964202146,0.000585833726883944,0.03196475280293,"RP4-647J21.1"
"ENSG00000262151",5.15194306198535,5.05616890146375,1.18112607975957,3.43415404246212,0.000594406296099822,0.0323735283630367,"RP11-876N24.2"
"ENSG00000249667",2.05409843935163,4.85801773004446,1.12387123941407,3.43279336168069,0.000597397210249325,0.0324773746515763,"LINC01259"
"ENSG00000081059",1984.6672854817,2.17359616365162,0.342623178111536,3.42532624360157,0.000614061573145747,0.0333228522166319,"TCF7"
"ENSG00000165168",1251.94173322877,2.38169399044645,0.403546229416621,3.4238803134002,0.00061733803424162,0.0334400738077898,"CYBB"
"ENSG00000110665",537.961739851464,2.8252055785382,0.533650058388197,3.42022932415848,0.00062568366750504,0.0338309643684359,"C11orf21"
"ENSG00000171608",2963.43048138003,1.99035605834299,0.289615401089939,3.41955591662558,0.000627234399035884,0.0338520355790346,"PIK3CD"
"ENSG00000162897",20.2807937959303,4.98454936441984,1.16538656551134,3.41907954179268,0.000628333559737715,0.0338520355790346,"FCAMR"
"ENSG00000100368",1198.49830041177,2.23983574731419,0.36319904070709,3.41365369495588,0.000640979934161406,0.0344713715041381,"CSF2RB"
"ENSG00000230937",101.612588744945,3.87214493997913,0.841749328331738,3.4121143234785,0.000644610725227271,0.0345426015638335,"MIR205HG"
"ENSG00000144554",515.101917284118,1.9549267649691,0.279836884257408,3.41244067058261,0.000643839402655818,0.0345426015638335,"FANCD2"
"ENSG00000163219",1357.85679928491,2.04851708772909,0.307753482043837,3.40700316618915,0.000656803650994617,0.0351331310098996,"ARHGAP25"
"ENSG00000163508",310.697409251048,3.03143766758935,0.597316583626607,3.40093967466211,0.00067154645681578,0.0358099745891326,"EOMES"
"ENSG00000113088",335.973356922255,3.48193825217509,0.729806477941303,3.40081696613099,0.000671847962580287,0.0358099745891326,"GZMK"
"ENSG00000267568",4.91779471803465,4.39952544935523,1.00079753701876,3.39681636256015,0.000681747013111583,0.0362730582198179,"RP11-87G24.3"
"ENSG00000253701",86.6854634967289,4.64770918565243,1.07407236039511,3.39614845345295,0.000683412828233683,0.0362972185633688,"AL928768.3"
"ENSG00000211688",2.60060914626631,4.08878806170703,0.909990052349989,3.39430970012303,0.000688018382256232,0.0364771515760804,"TRGJP2"
"ENSG00000258929",32.45707846662,2.77298068403702,0.522663224991929,3.3922047683083,0.000693326045191497,0.0366936072150376,NA
"ENSG00000162511",8626.01277773216,2.24419057822871,0.367013124581762,3.39004382921335,0.0006988145005355,0.036918850729349,"LAPTM5"
"ENSG00000211689",93.759203610665,2.79041154477615,0.52861782683746,3.38696777497568,0.000706696881077635,0.0371542548575382,"TRGC1"
"ENSG00000255776",2.38297262039971,4.38470215180248,0.999196316355635,3.38742456952553,0.000705521146045984,0.0371542548575382,"VDAC2P2"
"ENSG00000255002",1.50873610779784,4.25432836000717,0.960870723359954,3.3868534870409,0.000706991329287157,0.0371542548575382,"CTD-2509G16.2"
"ENSG00000137804",263.35772660667,2.42861443294042,0.422492459092163,3.38139628813773,0.000721184514085355,0.0378337690357737,"NUSAP1"
"ENSG00000240487",10.2230042382123,4.13779048390601,0.928134890194356,3.3807483341661,0.000722887194128422,0.0378567935316729,"RP11-553L6.3"
"ENSG00000140368",920.79599622285,2.53470855491068,0.454283977509944,3.37830218737371,0.000729348846558021,0.0381285247794861,"PSTPIP1"
"ENSG00000231682",4.18578560374408,5.24120049042954,1.25578634748925,3.3773264846438,0.000731941163831808,0.0381856079667468,"AC097713.4"
"ENSG00000211815",4.57950824106521,3.92045397252396,0.864824498706877,3.37693251855231,0.000732990304819877,0.0381856079667468,"TRAV36DV7"
"ENSG00000124772",1035.719235003,2.31283498280281,0.38893226342807,3.37548490123037,0.000736857351896761,0.0383204200973393,"CPNE5"
"ENSG00000152213",110.645991102118,2.18496885901722,0.352066117760193,3.36575659866353,0.000763340327338616,0.0396288726263921,"ARL11"
"ENSG00000139626",1276.15234316346,2.23834915047979,0.368429314505906,3.36115803418227,0.000776164022433945,0.0402249018892886,"ITGB7"
"ENSG00000253467",2.37261746496006,4.98705131963917,1.18673544056314,3.35967999552384,0.000780328008746266,0.0403708557892822,"IGHV7-40"
"ENSG00000253464",2.60649109015005,4.84919109430108,1.14600417938447,3.35879324311759,0.000782836143771755,0.0404307873908326,NA
"ENSG00000179840",5.07748783135029,3.54760849096854,0.758798323377546,3.35742503967152,0.000786720723310767,0.0405614789445336,"PIK3CD-AS1"
"ENSG00000177602",80.5676914158416,2.40056872563062,0.417307732678328,3.35620122982531,0.000790210494505899,0.0406714009672237,"GSG2"
"ENSG00000035720",203.54518455685,3.94731370059632,0.878678158971343,3.35425851946371,0.000795779775026762,0.0408177793851484,"STAP1"
"ENSG00000253239",35.4652517557063,5.03044923343293,1.20157924872781,3.35429330832753,0.00079567972425207,0.0408177793851484,"IGLVI-70"
"ENSG00000163154",140.874857345122,2.46990930262456,0.438767544494457,3.3500866713334,0.000807862780145853,0.0413667172295197,"TNFAIP8L2"
"ENSG00000236935",15.7522834823861,2.55058242040468,0.463216231455827,3.34742678496261,0.000815655301939158,0.0416944617228455,"AP003774.1"
"ENSG00000224187",6.69148292868505,5.58462206370141,1.37012165889083,3.34614231805725,0.000819443251967369,0.0417866047953257,"RP11-132N15.3"
"ENSG00000104970",19.2981773626001,2.89142993708378,0.565302842828757,3.34587020227799,0.000820247825726975,0.0417866047953257,"KIR3DX1"
"ENSG00000089685",50.0067053598369,2.82141745267217,0.544675311762749,3.34404261279524,0.000825670540312777,0.0419914448812721,"BIRC5"
"ENSG00000255582",2.87256423736787,4.75345292826336,1.12282678332733,3.34286016685546,0.000829196723531087,0.0420993014463961,"OR10G2"
"ENSG00000237649",159.41546418133,2.25698337026892,0.376173132602987,3.34150225341993,0.000833263401206088,0.0422341881271208,"KIFC1"
"ENSG00000269974",15.7154106553089,2.50075477623625,0.449315146355186,3.34009389269485,0.000837500697101721,0.0423772523339224,"RP11-932O9.10"
"ENSG00000122043",5.09111607558628,3.8252573393104,0.846230012064638,3.33863996671226,0.000841896044388496,0.0425278178914964,"LINC00544"
"ENSG00000117215",170.277198519225,5.12204668899375,1.2356874875477,3.33583266848013,0.000850443354896044,0.0428151776401865,"PLA2G2D"
"ENSG00000196684",1255.40482452374,2.63014906137035,0.488667148666559,3.33590884064662,0.000850210377086733,0.0428151776401865,"HSH2D"
"ENSG00000165480",29.1669714946621,2.65782048084535,0.49721196336687,3.3342328885641,0.000855350092373924,0.0429899530487599,"SKA3"
"ENSG00000170128",15.9139948842688,2.70474547743771,0.511845679119966,3.3305848754428,0.00086663738695914,0.0434115767999349,"GPR25"
"ENSG00000111796",192.016718308414,2.44961291702566,0.435213545443678,3.33080836339285,0.00086594194228499,0.0434115767999349,"KLRB1"
"ENSG00000164483",228.161428530855,2.61015610581178,0.484109817865732,3.32601415296715,0.000880974552489421,0.0440560813352598,"SAMD3"
"ENSG00000262823",15.0597142977265,2.94424840951721,0.58524452788619,3.32211292353219,0.000893385300089851,0.0446022611069858,"RP13-580F15.2"
"ENSG00000130957",6.00893489577795,4.94913194787555,1.18924487554,3.32070545696686,0.000897902428913134,0.0447531901132994,"FBP2"
"ENSG00000173585",11.57400124615,3.04858988153509,0.617185512803688,3.31924492561234,0.000902612238560806,0.0448387223981574,"CCR9"
"ENSG00000211899",9895.80393719832,4.01395609804359,0.907969816705607,3.31944525312433,0.000901964885639579,0.0448387223981574,"IGHM"
"ENSG00000185669",156.313256085119,2.08594360073137,0.327257000850652,3.31832045734281,0.000905605215296138,0.0449129209009864,"SNAI3"
"ENSG00000100092",669.628934921322,2.12726581789443,0.340133956723303,3.31418194394349,0.000919116789804507,0.045507675105114,"SH3BP1"
"ENSG00000240954",9.415071964459,3.38838821055138,0.720843152264162,3.31332579500753,0.000921935194319673,0.0455718956202076,"RPL4P1"
"ENSG00000261644",43.326484119268,2.55378106388995,0.469222523131702,3.31139488684313,0.000928321081357627,0.045736608539585,"RP11-327F22.1"
"ENSG00000267593",1.54010842776055,4.32038675882757,1.00260825936926,3.31174885883785,0.000927147368198247,0.045736608539585,"RP11-108P20.4"
"ENSG00000253818",95.0266866281823,5.30618676791594,1.30066095083824,3.31076808690282,0.000930402825181532,0.0457639025095448,"IGLV1-41"
"ENSG00000254709",111.34978525803,5.05063163968522,1.22431728078052,3.30848196237408,0.000938032271150267,0.0460635355447643,"IGLL5"
"ENSG00000105639",3541.74268542144,2.39156350105173,0.420828511470172,3.30672343513578,0.000943940369805152,0.0462777966898745,"JAK3"
"ENSG00000253234",23.7695629147477,3.89864160680799,0.877284549446162,3.3041065280791,0.000952796197739625,0.0466356374236772,"IGLV2-5"
"ENSG00000253140",2.7517431798254,5.274391467647,1.29459347151952,3.30172487478248,0.000960922736627929,0.0469566730435393,"RP11-567J20.3"
"ENSG00000256720",16.8150198720079,3.53212016440737,0.767314532603858,3.29997681109296,0.000966928176806298,0.047173181655102,"BTG1P1"
"ENSG00000185697",378.594191104192,2.45776191976179,0.441955489274576,3.29843605326536,0.000972250222478241,0.0473556998607085,"MYBL1"
"ENSG00000146670",157.045960171122,2.22002165870846,0.37013485400202,3.29615448401356,0.000980181003321904,0.0476644836923825,"CDCA5"
"ENSG00000228403",2.38027114243552,4.59782767735749,1.09270033302841,3.29260234357771,0.000992647626174029,0.0481144978026586,"RP11-563N6.6"
"ENSG00000189430",13.9391995370368,2.62147657091004,0.492398173555483,3.29301906057401,0.000991177549021439,0.0481144978026586,"NCR1"
"ENSG00000121966",7321.36301011053,2.50343948412174,0.456933405231938,3.29028139966829,0.00100087235475461,0.0484347841464851,"CXCR4"
"ENSG00000140853",4698.41513781316,2.07975569092552,0.328240770763079,3.28952338375075,0.00100357217283704,0.0484871039311832,"NLRC5"
"ENSG00000075218",82.6236985012231,2.60683676960403,0.488751706138317,3.28763408786812,0.00101033062940764,0.0487350306021028,"GTSE1"
"ENSG00000246790",12.039889063387,3.22164073700735,0.676105405904486,3.28593843150133,0.00101643224169249,0.0489505270094833,"RP11-730K11.1"
"ENSG00000138378",575.770331205639,1.98553713568983,0.300538692186557,3.27923545723711,0.00104088749496827,0.0499676040252796,"STAT4"
"ENSG00000260228",10.2636213114809,3.02360963193522,0.617046149245564,3.27951099672107,0.0010398715743311,0.0499676040252796,"RP11-483P21.2"
