"","baseMean","log2FoldChange","lfcSE","stat","pvalue","padj","symbol","entrezid"
"ENSG00000265206",199.624109595676,3.97650304669875,0.494122776071363,6.02381268551133,1.70355513184309e-09,5.24643873953715e-05,"MIR142",406934
"ENSG00000245164",1098.25746054365,3.95132199081269,0.50680847039175,5.82334779947817,5.76803437289741e-09,8.88190772910607e-05,"LINC00861",100130231
"ENSG00000127074",138.096424857264,5.40172675340057,0.780334789331517,5.64081829181467,1.69243896057451e-08,0.000173740142229377,"RGS13",6003
"ENSG00000197520",92.9041748009982,4.96486889523867,0.731005495527396,5.42385648192446,5.83267189564455e-08,0.00021753452401613,"FAM177B",400823
"ENSG00000173200",1997.05649360684,3.71269736412438,0.501566229463051,5.4084529714619,6.35714750185138e-08,0.00021753452401613,"PARP15",165631
"ENSG00000170006",410.584544237159,2.85612631350358,0.338237344832608,5.48764452494791,4.07328720694316e-08,0.00021753452401613,"TMEM154",201799
"ENSG00000170054",58.1410224243587,6.98516273828499,1.09692394595545,5.45631514413861,4.86116847634074e-08,0.00021753452401613,"SERPINA9",327657
"ENSG00000263264",141.154687130243,4.1257271154619,0.572112540368911,5.46348295991968,4.66882105713313e-08,0.00021753452401613,"CTB-133G6.1",NA
"ENSG00000101057",353.02198834319,4.07429004097986,0.566438089240224,5.42740698300051,5.71786480792834e-08,0.00021753452401613,"MYBL2",4605
"ENSG00000068831",4028.27796563829,3.08906307136145,0.387640009736353,5.38918331155315,7.07785834028917e-08,0.000217976803305886,"RASGRP2",10235
"ENSG00000233355",347.030787415515,4.43983401593504,0.642563219494366,5.35330051826161,8.6364236663149e-08,0.00022164661637625,"CHRM3-AS2",100506915
"ENSG00000110680",3892.09249513117,-9.07939626309191,1.50482526277689,-5.36899297409642,7.91775036273409e-08,0.00022164661637625,"CALCA",796
"ENSG00000163568",282.12552329524,4.08161918369706,0.582682096173095,5.28868006059622,1.2320217066501e-07,0.000271018374997879,"AIM2",9447
"ENSG00000111913",1656.56001482013,3.01713217085538,0.381163275750092,5.2920422800068,1.20957918047803e-07,0.000271018374997879,"FAM65B",9750
"ENSG00000188822",229.470180547313,3.48752003403443,0.477011861826084,5.21479701681165,1.84018628370308e-07,0.000377814779861357,"CNR2",1269
"ENSG00000161929",282.295712437023,3.28581046498101,0.442226204930231,5.16887158539517,2.35511645361276e-07,0.000426650126011248,"SCIMP",388325
"ENSG00000028277",1286.03974399625,3.40601169167077,0.465291762795034,5.1709741801955,2.32876746393919e-07,0.000426650126011248,"POU2F2",5452
"ENSG00000188011",100.835463973171,3.6131115753542,0.507868843321165,5.14524883681775,2.67166432962504e-07,0.000457106924219235,"RTP5",285093
"ENSG00000268041",49.4127471533152,3.65020169867646,0.518920783694502,5.10714117058122,3.27069398261263e-07,0.000530145066223796,"CTD-2575K13.6",NA
"ENSG00000111732",50.3956387597651,5.75085000255121,0.935004731085034,5.08109728711003,3.75260856855659e-07,0.000577845430429187,"AICDA",57379
"ENSG00000109684",121.246087355922,3.5938909839754,0.51366415114931,5.04978005214427,4.42319047792911e-07,0.000648671414994203,"CLNK",116449
"ENSG00000162892",341.804774324585,3.50401833029385,0.499587916543731,5.01216752322044,5.38203159537502e-07,0.000663001708171058,"IL24",11009
"ENSG00000070190",380.497964282351,3.38760131458172,0.474758200269164,5.02908915154719,4.92815233315592e-07,0.000663001708171058,"DAPP1",27071
"ENSG00000261471",35.0783800903667,3.7358196954017,0.545801371060653,5.01248227003387,5.37323277879429e-07,0.000663001708171058,"RP11-61F12.1",NA
"ENSG00000007312",1152.06614436133,3.60683319062015,0.519797360584224,5.01509508953684,5.30072436487179e-07,0.000663001708171058,"CD79B",974
"ENSG00000112486",260.093955724554,2.71676029273997,0.344568630099708,4.98234645516973,6.28178326039901e-07,0.000744077227194262,"CCR6",1235
"ENSG00000162894",1746.09674707112,3.59418397974998,0.52774276159087,4.91562209575335,8.85009722924945e-07,0.000825928619300592,"FCMR",9214
"ENSG00000137265",1215.73979017199,4.02007191992504,0.614282898968225,4.91641868103064,8.81417861761972e-07,0.000825928619300592,"IRF4",3662
"ENSG00000124557",19.78477209459,3.49542625087902,0.506504367104615,4.92676156998189,8.36036692075757e-07,0.000825928619300592,"BTN1A1",696
"ENSG00000256574",16.2947139984419,4.19140546743712,0.648620557823621,4.9202965107143,8.64132004769371e-07,0.000825928619300592,"OR13A1",79290
"ENSG00000245904",95.8118247222947,3.06966517236117,0.418597754774782,4.94428158955298,7.64251694206376e-07,0.000825928619300592,"RP11-796E2.4",NA
"ENSG00000262488",32.9226757569906,4.29071573778221,0.667406973525509,4.93059837298273,8.19781216194666e-07,0.000825928619300592,"RP11-876N24.1",NA
"ENSG00000237914",24.5502824111617,4.60002248145995,0.730446171455523,4.92852536181601,8.28525808572682e-07,0.000825928619300592,"SIRPG-AS1",101929010
"ENSG00000124721",44.3575146836729,3.9271476077093,0.602606793795942,4.85747528545207,1.18891971659979e-06,0.00107691648565069,"DNAH8",1769
"ENSG00000186265",236.235170746394,3.79061250140229,0.578811841059876,4.8212774919952,1.42641768447131e-06,0.00116899465352587,"BTLA",151888
"ENSG00000172578",1420.76717767228,3.30612109988855,0.476963443848878,4.83500597295089,1.33141637389848e-06,0.00116899465352587,"KLHL6",89857
"ENSG00000257242",93.5640266350403,3.40450961408697,0.498237923807764,4.82602688231879,1.39283716304994e-06,0.00116899465352587,"LINC01619",256021
"ENSG00000166501",1321.56692587682,3.26665548628725,0.470352808563731,4.8190537932764,1.44240662512527e-06,0.00116899465352587,"PRKCB",5579
"ENSG00000247982",1905.24148606579,3.19536631551705,0.456307231973931,4.81115827601538,1.5005812307803e-06,0.00118495897857284,"LINC00926",283663
"ENSG00000104783",741.346821998305,3.20907914418348,0.461148906907189,4.79038139545689,1.66464596521633e-06,0.00128165254476918,"KCNN4",3783
"ENSG00000162897",20.2807937959303,7.12610533658887,1.2847258432768,4.76841449765166,1.85681447340541e-06,0.00129044542209041,"FCAMR",83953
"ENSG00000174946",258.734123555221,3.37788713486984,0.497925526625987,4.77558792975072,1.79182974406607e-06,0.00129044542209041,"GPR171",29909
"ENSG00000241106",676.111669402649,3.58202691979018,0.542653307366024,4.75815200007356,1.95373360775177e-06,0.00129044542209041,"HLA-DOB",3112
"ENSG00000237499",303.493473503193,2.78164776258512,0.374336273036341,4.75948469576219,1.94087840648202e-06,0.00129044542209041,"RP11-356I2.4",100130476
"ENSG00000178199",449.706961007995,3.30871180261306,0.484293685836351,4.76717304010693,1.86828840928951e-06,0.00129044542209041,"ZC3H12D",340152
"ENSG00000229474",382.858643000484,2.77342818049797,0.372484596293572,4.76107790266916,1.92561693604794e-06,0.00129044542209041,"PATL2",197135
"ENSG00000220008",149.870048359232,3.87220602259161,0.603843368844768,4.75654146552361,1.96937801858133e-06,0.00129044542209041,"LINGO3",645191
"ENSG00000136573",1192.14315076354,4.46736871584285,0.737587351264596,4.70096010987448,2.58941100147836e-06,0.00166137688776102,"BLK",640
"ENSG00000249096",129.969191451241,3.71939995585788,0.580341960399969,4.68585789313542,2.7878965985204e-06,0.00175222146009455,"RP11-290F5.1",102723766
"ENSG00000160505",19.6455798926315,6.77083308635782,1.23613914720372,4.6684332418499,3.03505363138451e-06,0.00186941093371497,"NLRP4",147945
"ENSG00000127561",84.1376547666366,2.8547297974491,0.398046627386682,4.65957922976529,3.1685641955288e-06,0.00191337787313138,"SYNGR3",9143
"ENSG00000169679",143.371811489817,2.98965639591826,0.429150708059483,4.63626497300915,3.54761145516965e-06,0.00210107288432423,"BUB1",699
"ENSG00000255354",96.0180020296466,3.99080247072394,0.646439965012404,4.62657421043972,3.71763698916978e-06,0.00216022766708418,"RP11-148O21.2",NA
"ENSG00000167895",4932.0981905959,3.2240933580433,0.481349753735515,4.62053494529336,3.82751865758658e-06,0.00218289059440174,"TMC8",147138
"ENSG00000162739",1041.67428391766,3.46749506253364,0.536014369792128,4.60341215010813,4.15624559927897e-06,0.00228571242358919,"SLAMF6",114836
"ENSG00000128218",192.300580034372,3.79798589820701,0.607333628528699,4.6069997885434,4.08520417116999e-06,0.00228571242358919,"VPREB3",29802
"ENSG00000174130",463.939350177818,3.04993914364968,0.446413615982196,4.5920175152799,4.38981515742679e-06,0.00233091616212539,"TLR6",10333
"ENSG00000126353",614.082187134422,3.07401428274911,0.451413928657626,4.59448446554723,4.3382044247022e-06,0.00233091616212539,"CCR7",1236
"ENSG00000254838",1636.20046119647,2.88129525056523,0.411018570162236,4.57715389799212,4.71344708868205e-06,0.00241933383316902,"GVINP1",387751
"ENSG00000205056",348.227278417119,4.67957204233888,0.803456945805721,4.57967544066588,4.65698017105824e-06,0.00241933383316902,"RP11-693J15.5",100507616
"ENSG00000083454",1218.00104051698,4.24758909980782,0.710298244692814,4.57214856445594,4.82748456280226e-06,0.00243724659148559,"P2RX5",5026
"ENSG00000136541",145.291033017719,3.46636181454947,0.540520481854125,4.56293868104536,5.04425506952039e-06,0.00250561166735515,"ERMN",57471
"ENSG00000009790",1588.58035586047,3.13535121082697,0.469632049732349,4.54686006213576,5.44521766026956e-06,0.00266184711560828,"TRAF3IP3",80342
"ENSG00000188404",1318.04869921744,3.21569890628273,0.487952777460691,4.5408060136746,5.60395757162501e-06,0.00266836561303813,"SELL",6402
"ENSG00000185811",1881.4606689262,2.96157930328797,0.432088803441687,4.53975962270611,5.63183962228395e-06,0.00266836561303813,"IKZF1",10320
"ENSG00000122188",275.997995546439,3.80061526193854,0.621097472920187,4.50913968265079,6.50910434168835e-06,0.00278417897793022,"LAX1",54900
"ENSG00000144354",229.215294869911,2.87953771792138,0.415134520120375,4.52753897068444,5.96745983994645e-06,0.00278417897793022,"CDCA7",83879
"ENSG00000164362",19.4940105169848,4.36151250350464,0.744833109842739,4.51310831793498,6.38843738708328e-06,0.00278417897793022,"TERT",7015
"ENSG00000065357",3908.98029017594,2.40478476246404,0.311337304213537,4.51209907535059,6.41891901378023e-06,0.00278417897793022,"DGKA",1606
"ENSG00000189238",39.2554494099814,3.58283487657357,0.571851170882134,4.51662077143132,6.28342870466651e-06,0.00278417897793022,"LINC00943",NA
"ENSG00000126787",69.1094835300397,3.51134736579772,0.556646940342196,4.51156232755701,6.43518675930861e-06,0.00278417897793022,"DLGAP5",9787
"ENSG00000234883",232.481465439791,2.93228770742492,0.427618454477659,4.5187191693708,6.22148500186368e-06,0.00278417897793022,"MIR155HG",406947
"ENSG00000241666",37.5786334184305,3.17770422508654,0.485497068980238,4.4855146698634,7.27381414406075e-06,0.00298682205592852,"RP3-455J7.4",NA
"ENSG00000186854",269.743094739992,2.9794727226431,0.441028136633621,4.48831391519022,7.17890924076236e-06,0.00298682205592852,"TRABD2A",105374836
"ENSG00000257345",4.95986141371707,5.04394078628132,0.901165965279599,4.48745396751267,7.20793793879354e-06,0.00298682205592852,"RP11-511B23.1",NA
"ENSG00000168421",636.464917032529,3.41971839618081,0.540270708753489,4.47871475720676,7.50937978334106e-06,0.00304297854194151,"RHOH",399
"ENSG00000244167",5.00992703943716,5.06750908454575,0.911478766463891,4.46253849700281,8.0994371311129e-06,0.00323945928995953,"RP4-733B9.1",NA
"ENSG00000205784",46.9115322541009,3.40747345918587,0.54083553580824,4.45139658877643,8.53136148105967e-06,0.00336846589143839,"ARRDC5",645432
"ENSG00000079263",655.169686964399,3.2970078559581,0.51682561763598,4.44445433348462,8.81152212399304e-06,0.00343504363104574,"SP140",11262
"ENSG00000259846",10.7459957856328,6.37590547252422,1.21255163951062,4.43354765055114,9.26950084565109e-06,0.00356841021929396,"RP11-467L24.1",NA
"ENSG00000118308",1271.89630422196,2.5966922798322,0.361445109853871,4.41752353622304,9.98382019166833e-06,0.00379594704250382,"LRMP",4033
"ENSG00000072858",388.399732646324,2.76452818707362,0.400767189092045,4.40287587182783,1.06825291705941e-05,0.00401207135203397,"SIDT1",54847
"ENSG00000042980",1182.27145265427,3.10739132895042,0.47945211800809,4.39541562086678,1.10561005775126e-05,0.00405350868435304,"ADAM28",10863
"ENSG00000137571",55.3683474910593,3.23862450887084,0.509194083866035,4.39640714572757,1.10057409277931e-05,0.00405350868435304,"SLCO5A1",81796
"ENSG00000143119",3340.17141142656,3.00905918468767,0.45909433363974,4.3761358776957,1.20801725738414e-05,0.00437685970301874,"CD53",963
"ENSG00000074966",426.161611656898,2.9562787447242,0.447367999183377,4.37286249417745,1.22627966668331e-05,0.00439136452265651,"TXK",7294
"ENSG00000179088",31.5582021040437,3.90015781734124,0.664937419942723,4.36155002013732,1.29144262890049e-05,0.00457155846462625,"C12orf42",374470
"ENSG00000186049",20.2279313774549,4.22366380308496,0.741230995489718,4.34906773016844,1.36717486420509e-05,0.00478464594237775,"KRT73",319101
"ENSG00000126882",826.677432118629,2.6022487485653,0.368661161638826,4.34612841082243,1.38561471459759e-05,0.0047946939736474,"FAM78A",286336
"ENSG00000106952",216.698039538689,3.43314982394536,0.561214021314147,4.33551146539045,1.45421593976719e-05,0.00497616536633446,"TNFSF8",944
"ENSG00000118513",106.463206649365,3.27282767455593,0.525379759040014,4.32606630812898,1.5179574544162e-05,0.00513720172787426,"MYB",4602
"ENSG00000271046",40.7974538477052,5.76372432249568,1.10212657694218,4.32230237629556,1.54409371274961e-05,0.0051688537034293,"RP11-138I18.2",NA
"ENSG00000112195",82.0466461669315,3.72247973190924,0.630326703762605,4.31915658286085,1.56626628238069e-05,0.00518669921489013,"TREML2",79865
"ENSG00000170486",86.132423612784,4.1244721590727,0.725190747643702,4.30848320834866,1.64377953525049e-05,0.00538547641990525,"KRT72",140807
"ENSG00000233999",11.2850276373157,4.82101668915615,0.888985888856403,4.29817473713956,1.72210380854271e-05,0.00558269799912524,"IGKV3OR2-268",NA
"ENSG00000238121",237.696728326758,3.06724816183283,0.481524625964802,4.29313071515463,1.76171216899416e-05,0.00565160934047011,"LINC00426",100188949
"ENSG00000260396",31.3752574047993,3.04864329963968,0.478321609407323,4.2829829540382,1.84404303733933e-05,0.00579499932866727,NA,NA
"ENSG00000140968",1817.33606894,3.0235742414128,0.472350935162359,4.28404834366899,1.83523008621204e-05,0.00579499932866727,"IRF8",3394
"ENSG00000125245",124.816591912182,3.28409044551394,0.534104591942192,4.2764853176195,1.89867072857605e-05,0.00590640024524815,"GPR18",2841
"ENSG00000104894",3221.79639379369,3.18204756677416,0.511000015688576,4.27015166297761,1.95340088843788e-05,0.00601588871612215,"CD37",951
"ENSG00000178999",113.127312136813,3.14809571406558,0.503498227524135,4.26634215700911,1.98703962224796e-05,0.00605889695508619,"AURKB",9212
"ENSG00000228655",2.4701192707088,5.19774201566299,0.989269220952018,4.24327566931004,2.20280564979561e-05,0.00665096133301523,"AC096558.1",NA
"ENSG00000214797",19.4962945268566,4.03187709873668,0.715791990843583,4.23569575731564,2.27845106082204e-05,0.00665755514703765,"RP11-1036E20.9",NA
"ENSG00000110777",2340.16478600003,4.16226652341524,0.74714184683108,4.23248481774598,2.31123519544497e-05,0.00665755514703765,"POU2AF1",5450
"ENSG00000185905",319.887232632318,3.28967496467118,0.540479994707121,4.2363731999219,2.27159104368069e-05,0.00665755514703765,"C16orf54",105369277
"ENSG00000259436",39.8793302007313,3.55877402652742,0.604581571532889,4.23230569208347,2.31307725016407e-05,0.00665755514703765,"CTC-378H22.2",NA
"ENSG00000010671",645.081650539365,3.1181429399691,0.499861112853491,4.23746293821006,2.26059720326326e-05,0.00665755514703765,"BTK",695
"ENSG00000156886",46.9863828398573,3.6031481589128,0.616525363628729,4.22228883430077,2.41833930657663e-05,0.0067785758295487,"ITGAD",3681
"ENSG00000187997",7.21897766204301,4.25290083238946,0.770156741125538,4.22368676230184,2.40338029870202e-05,0.0067785758295487,"C17orf99",100141515
"ENSG00000260655",407.249978309809,4.71801595778213,0.880623536881155,4.22202655512704,2.42115576598486e-05,0.0067785758295487,NA,NA
"ENSG00000183813",177.745023867375,3.84638865666192,0.675006132309751,4.21683377441636,2.47756466162327e-05,0.00687401431387493,"CCR4",1233
"ENSG00000124203",615.859341519857,3.09783346898368,0.497833650880968,4.21392460166432,2.5097109802986e-05,0.00690103295180857,"ZNF831",128611
"ENSG00000237638",9.38925006992897,4.73428177246613,0.890452883470557,4.19368822515538,2.74455139215809e-05,0.00742129785813982,"AC007386.2",400958
"ENSG00000270164",270.074621193148,2.99505519001116,0.475752049007356,4.19347682090658,2.74711158823242e-05,0.00742129785813982,"LINC01480",101927931
"ENSG00000229979",5.85381852024429,5.87759464762974,1.1664395845014,4.18160932845459,2.89453010259463e-05,0.00775155161474843,"U82670.9",NA
"ENSG00000163599",460.088910366861,3.56191074215336,0.613061720502233,4.1788789879991,2.9294950105517e-05,0.00775990863969333,"CTLA4",1493
"ENSG00000100055",1439.18395696657,2.62095542219416,0.388025739443718,4.17744303385129,2.94804464994681e-05,0.00775990863969333,"CYTH4",27128
"ENSG00000211911",10.7899542049657,5.92444971433494,1.18079301931707,4.17045971120584,3.03985796006712e-05,0.00786797093119645,"IGHD3-22",NA
"ENSG00000214999",17.028441857433,3.26651736745396,0.543472713626788,4.17043452343481,3.04019398257096e-05,0.00786797093119645,"AC129492.6",107985075
"ENSG00000150556",26.1634384431081,3.63696510257979,0.633332340066574,4.16363563923263,3.13219811155471e-05,0.0079720913422769,"LYPD6B",130576
"ENSG00000258525",6.78260833054172,4.08642902935028,0.740965034688346,4.16541791428586,3.10782732101274e-05,0.0079720913422769,"RP11-829H16.3",100506071
"ENSG00000121895",222.339985927427,3.8631604577523,0.689153848814254,4.15460272430983,3.25853201848792e-05,0.00822565660437478,"TMEM156",80008
"ENSG00000163518",33.6770074639076,5.04636833483274,0.976075070480688,4.14555033440207,3.38998519356752e-05,0.00825709382004885,"FCRL4",83417
"ENSG00000143167",47.4692229640942,4.15113169530499,0.760196346105875,4.14515501349979,3.39583906010158e-05,0.00825709382004885,"GPA33",10223
"ENSG00000260101",27.3096793565924,2.79419109400602,0.432606244486611,4.14739989741768,3.36272417254761e-05,0.00825709382004885,"RP11-568N6.1",101927402
"ENSG00000198286",1088.46052877751,3.03420083494809,0.490815237856296,4.14453480261278,3.40504242343801e-05,0.00825709382004885,"CARD11",84433
"ENSG00000160683",23.629196396836,4.52152808021653,0.848380100960439,4.15088481711188,3.31192418202663e-05,0.00825709382004885,"CXCR5",643
"ENSG00000153898",293.979098219097,2.94386996749032,0.469553761130633,4.13982408065415,3.47572258738306e-05,0.00836264285340906,"MCOLN2",255231
"ENSG00000218018",18.7279129952653,2.50787100181258,0.364496994030546,4.13685442269029,3.52099332881623e-05,0.008405893918415,"RP4-800J21.3",NA
"ENSG00000159618",328.118129998694,2.90993247436546,0.463334720199509,4.12214408094229,3.75362294911998e-05,0.00878780874339838,"ADGRG5",221188
"ENSG00000172794",486.099867482431,2.74634783902513,0.423731888726311,4.12135098983096,3.76657062093251e-05,0.00878780874339838,"RAB37",326624
"ENSG00000268027",218.814505576797,3.19384043172704,0.532277866409317,4.1216074726654,3.76237875866485e-05,0.00878780874339838,"AC006129.2",NA
"ENSG00000253535",7.55278430788985,4.65942934513348,0.888438581266123,4.11894465447279,3.80611540962547e-05,0.00881330347896509,"RP11-624C23.1",NA
"ENSG00000228863",11.4978094265451,3.72158584492981,0.661678782904867,4.11315265842687,3.90292103413176e-05,0.00897001933493701,"RP11-404F10.2",NA
"ENSG00000253686",26.4518035257406,3.19988974716726,0.535872667775183,4.10524715936844,4.03882821150276e-05,0.00921361425404819,"LINC01484",101928136
"ENSG00000204165",52.5679959560683,3.25025064075036,0.548392160797098,4.10336033520169,4.07192303626175e-05,0.0092208098343936,"CXorf65",158830
"ENSG00000185862",1782.21017232701,2.95271564736489,0.476270907270566,4.10001034611918,4.13131668407805e-05,0.00928701897223005,"EVI2B",2124
"ENSG00000179715",722.289929671727,2.37806682917781,0.33675398158227,4.09220649063399,4.27287899300345e-05,0.00953564161938603,"PCED1B",91523
"ENSG00000235532",86.993288270546,4.87738376496229,0.947984624983919,4.09013359792419,4.31124783947254e-05,0.00955205033900978,"LINC00402",NA
"ENSG00000245466",20.8370084716778,3.24605448411874,0.550389286707559,4.08084702657403,4.48718807484403e-05,0.00987085222435512,"CTD-2540L5.6",101928075
"ENSG00000156738",5847.26271639023,4.45982505215397,0.849448419834606,4.0730254731978,4.64063465812105e-05,0.0100000903550761,"MS4A1",931
"ENSG00000152192",7.11191288536063,4.56631834010563,0.875972714065094,4.07126647079627,4.67582235649886e-05,0.0100000903550761,"POU4F1",5457
"ENSG00000102879",4790.72720225835,2.87933599415086,0.461478557339366,4.0724232237053,4.65265390243995e-05,0.0100000903550761,"CORO1A",11151
"ENSG00000167077",475.034611972735,2.78834496382097,0.438921618492238,4.07440620027831,4.61319017352732e-05,0.0100000903550761,"MEI1",150365
"ENSG00000211976",182.985561938817,5.33383813028874,1.06524249352985,4.06840522849203,4.73360066399248e-05,0.0100538413551018,"IGHV3-73",NA
"ENSG00000186517",2110.79505209629,2.77887756421026,0.437806298167581,4.06316120086821,4.84125711704831e-05,0.0102120681803929,"ARHGAP30",257106
"ENSG00000232788",29.081134938653,2.37797920063951,0.339668000355654,4.05684138392984,4.97408376439631e-05,0.0102947903357498,"AC078883.3",NA
"ENSG00000168918",3620.76463009733,2.37540644332886,0.338879871349435,4.05868438822266,4.9349958435599e-05,0.0102947903357498,"INPP5D",3635
"ENSG00000181847",568.074632014223,3.40605179329949,0.593130807742298,4.05652810795299,4.98075708681601e-05,0.0102947903357498,"TIGIT",201633
"ENSG00000104814",1336.29447966696,2.86043926792015,0.458890143114907,4.05421492667426,5.03029519513123e-05,0.0103278667416304,"MAP4K1",11184
"ENSG00000146285",372.68323058906,2.97643846621781,0.48801377392098,4.04996451296441,5.1225400485841e-05,0.0104476070116718,"SCML4",256380
"ENSG00000129173",44.9784495093346,3.30448175421904,0.569253030687942,4.04825557350845,5.16007839161881e-05,0.0104549298833345,"E2F8",79733
"ENSG00000264198",1648.13012908301,3.24960078288431,0.556808474005693,4.04016980327298,5.34125160691638e-05,0.0107512761920395,NA,NA
"ENSG00000110934",1008.21659169351,2.57851006023361,0.391672366047643,4.03017980605147,5.57342027472988e-05,0.0111457548182374,"BIN2",51411
"ENSG00000214215",8.64189361797176,4.77794549864437,0.938457247597227,4.02569803613027,5.68065487046606e-05,0.0112869114868221,"C12orf74",338809
"ENSG00000035720",203.54518455685,4.53988454549099,0.880641300978207,4.01966673781814,5.82805231261554e-05,0.0115055466071552,"STAP1",26228
"ENSG00000134061",332.793851427401,3.67243279269788,0.665354920676012,4.01655223347961,5.90557792258396e-05,0.0115843365147655,"CD180",4064
"ENSG00000236320",25.3827063748978,3.12588205906968,0.529494249416967,4.01492945657203,5.94635774160096e-05,0.0115905050232965,"SLFN14",342618
"ENSG00000102575",687.999924679508,2.5313122165974,0.382581795984594,4.00257469819359,6.26568760698191e-05,0.0121361246058001,"ACP5",54
"ENSG00000007968",159.08576455049,2.61852601984919,0.405119950381399,3.99517727607694,6.46458623526355e-05,0.0124431163929632,"E2F2",1870
"ENSG00000245954",38.7918131980304,3.82424766329589,0.708230086222885,3.98775442929585,6.67016540466716e-05,0.0125256758516789,"RP11-18H21.1",100996286
"ENSG00000204282",1032.11956134914,2.44532368534174,0.362099480531053,3.99150996632758,6.56539287306345e-05,0.0125256758516789,"TNRC6C-AS1",100131096
"ENSG00000015285",1081.68582818494,2.69140809749722,0.424126466131271,3.98798054958853,6.66381256163329e-05,0.0125256758516789,"WAS",7454
"ENSG00000078589",214.766031029439,3.43968148334005,0.611737758815887,3.98811655514354,6.65999424769646e-05,0.0125256758516789,"P2RY10",27334
"ENSG00000113263",1321.37933317512,3.06729332932462,0.519951549638343,3.97593454767574,7.01034061745184e-05,0.0130846945451918,"ITK",3702
"ENSG00000143869",49.0776105034299,3.29191516491961,0.576762644812709,3.97375798438516,7.0747450703421e-05,0.0131253568633329,"GDF7",151449
"ENSG00000253435",3.72016879831011,5.57090789627296,1.15188393808538,3.96820178243872,7.24170056264509e-05,0.0133546498339989,"IGKV2-4",NA
"ENSG00000006074",330.996819940003,4.1231673002868,0.787468904023778,3.96608333907302,7.30633248075073e-05,0.0133936381791476,NA,NA
"ENSG00000242258",60.1458517230149,3.56598574568193,0.647472673631581,3.96307960193855,7.3989097604618e-05,0.01348309017118,"LINC00996",285972
"ENSG00000260719",81.2495764575674,3.59906684967071,0.65636040443319,3.9598166374999,7.50073328335143e-05,0.0135882401721985,"AC009133.17",NA
"ENSG00000214900",154.904834168552,2.66608608950253,0.421363214521806,3.9540378278947,7.68432523765625e-05,0.0137279795339332,"LINC01588",283551
"ENSG00000171241",117.306319377825,2.77370204216484,0.448665149643864,3.95328686342755,7.70849287750543e-05,0.0137279795339332,"SHCBP1",79801
"ENSG00000234965",9.21672749981579,4.16225834292575,0.799925599694915,3.95319057688841,7.71159677686282e-05,0.0137279795339332,"SHISA8",440829
"ENSG00000135898",54.0892520673773,3.22958178426945,0.564297829332192,3.95107276401898,7.78016631357686e-05,0.013770447239036,"GPR55",9290
"ENSG00000141524",4266.50702455836,2.25302321456248,0.317303489850108,3.94897394653428,7.84868925651094e-05,0.0138123476018724,"TMC6",11322
"ENSG00000180549",78.6496737321747,2.90032913292719,0.482066324217503,3.94204912780795,8.07884228934122e-05,0.0141365969309569,"FUT7",2529
"ENSG00000012124",3020.37179514422,3.33895841534082,0.593795617463301,3.93899575300483,8.18233784547196e-05,0.0142368055721469,"CD22",100847070
"ENSG00000144554",515.101917284118,2.10088077821503,0.280088620319531,3.93047306584294,8.477889076191e-05,0.0146681769595199,"FANCD2",2177
"ENSG00000211924",6.08169451229168,5.62071197578592,1.17607197706778,3.9289363796478,8.5322406845617e-05,0.0146797439308629,"IGHD3-9",NA
"ENSG00000224614",14.9801988791973,3.09623715309626,0.534461428679168,3.92214861655547,8.77628291086152e-05,0.0150157324892112,"TNK2-AS1",NA
"ENSG00000128815",1278.03614683807,3.1039376007342,0.537270868537797,3.91597185691483,9.00407519354823e-05,0.0153203593224146,"WDFY4",NA
"ENSG00000143228",71.6676611871478,2.7282420991093,0.442082344247037,3.90932169447498,9.25556422211868e-05,0.015576153625606,"NUF2",83540
"ENSG00000261416",37.5301305642252,3.62288221798151,0.670821823000358,3.9099536241237,9.23138427084192e-05,0.015576153625606,"RP11-455F5.5",NA
"ENSG00000271680",44.3109778594351,4.00973393661466,0.770721967135437,3.90508388881275,9.41927045568575e-05,0.015765503925204,"RP11-564A8.8",NA
"ENSG00000069493",1293.27624181241,2.23691989761101,0.317006062639862,3.90188088931355,9.54481247673991e-05,0.0158822850106861,"CLEC2D",29121
"ENSG00000244620",12.0363348025074,4.48914300610268,0.894495492706247,3.90068260215204,9.59218434259053e-05,0.0158822850106861,"AL122127.25",NA
"ENSG00000179873",10.1168731364245,4.71272497643323,0.952236228276919,3.89895371146658,9.6609239138586e-05,0.0159105600949253,"NLRP11",204801
"ENSG00000254750",19.6358325637377,4.02163345634945,0.777372747593386,3.88698145864248,0.000101498503533696,0.0165496999058924,"CASP1P2",NA
"ENSG00000259772",181.695690108243,2.82611717939122,0.469822605303585,3.8868227258057,0.000101564869377331,0.0165496999058924,"RP11-16E12.2",NA
"ENSG00000089012",284.897490940494,3.15788599206191,0.555860615965116,3.88206311093882,0.000103573986908801,0.0167882530254228,"SIRPG",55423
"ENSG00000173585",11.57400124615,3.46803022904656,0.63671102719365,3.87621719059049,0.000106092991491062,0.0170174263486991,"CCR9",10803
"ENSG00000196092",581.205249356956,4.88030597501578,1.00083605693027,3.87706452834777,0.000105724325318399,0.0170174263486991,"PAX5",5079
"ENSG00000125910",476.206390542195,2.31537979129116,0.339718722419503,3.87196732026696,0.000107960429676219,0.0172272401696296,"S1PR4",8698
"ENSG00000188452",424.904511913331,2.54260313098144,0.399135952446245,3.86485637669835,0.000111154586596907,0.0176455041413656,"CERKL",375298
"ENSG00000011590",146.731569879988,2.54402697266307,0.400783738850349,3.85251900960882,0.000116908897451766,0.0184638118708822,"ZBTB32",27033
"ENSG00000223823",11.8973467822429,2.67163280979238,0.434807325676058,3.84453690423281,0.000120780308613273,0.0188815795145329,"LINC01342",254099
"ENSG00000146094",1215.99468569112,2.48095435284818,0.385200842602938,3.84462905854736,0.000120734930981798,0.0188815795145329,"DOK3",79930
"ENSG00000240505",206.286689072777,4.63892291102136,0.947667218671201,3.83987420829411,0.000123097366974639,0.0191466141955453,"TNFRSF13B",23495
"ENSG00000253522",155.10251091921,2.99034700121661,0.518587292644287,3.83801730094039,0.000124031745207397,0.0191950033022724,"MIR3142HG",107075116
"ENSG00000174123",531.913483721719,3.9858743647281,0.778662084824541,3.83462149104245,0.00012575780209592,0.0192684727917814,"TLR10",81793
"ENSG00000137078",231.645695392835,3.05104187873954,0.534714741626288,3.83576834351243,0.000125172351888136,0.0192684727917814,"SIT1",27240
"ENSG00000253823",2.69473617334128,5.1544804897632,1.08406658175769,3.83231118795966,0.000126945021104653,0.0193540881928713,"IGLV1-62",NA
"ENSG00000272053",36.4157362248626,2.88290889231604,0.491879434527158,3.82798864954799,0.000129194712824774,0.0195529220381028,"RP11-367G6.3",NA
"ENSG00000182502",14.7316112721155,3.7027256537487,0.706157132306192,3.82737145898682,0.000129518982231158,0.0195529220381028,NA,NA
"ENSG00000066294",1333.86458605995,2.92709540421096,0.503848871443046,3.82474887497846,0.000130905450539799,0.0196658300501179,"CD84",8832
"ENSG00000173559",1421.0822480614,2.02667219799649,0.268700346599369,3.82088155445237,0.000132975507707086,0.0198798384022094,"NABP1",64859
"ENSG00000141506",1215.0803772476,2.69283859976738,0.443930168952833,3.81329929380682,0.000137123888853938,0.020400987463936,"PIK3R5",23533
"ENSG00000125726",37.204387822227,3.22223402326348,0.583132603989038,3.81085538359857,0.000138486768402841,0.0205046971466457,"CD70",970
"ENSG00000112182",610.487451974726,2.27380196857885,0.335313855648072,3.79883487402252,0.000145377905844263,0.021323167623681,"BACH2",60468
"ENSG00000103522",173.90814081142,2.87096533586267,0.492515058858328,3.79879823410812,0.000145399396076663,0.021323167623681,"IL21R",50615
"ENSG00000136490",2424.91132282488,2.70913785803532,0.450469393847759,3.79412648534551,0.00014816413544223,0.0216256439773193,"LIMD2",80774
"ENSG00000226397",2.53810323461628,5.03227980366863,1.06353961127317,3.79137717197157,0.000149814235823654,0.0217633444370805,"C12orf77",NA
"ENSG00000116852",1364.61879175488,2.6007961355375,0.423212632895381,3.78248665354283,0.00015526942102915,0.0224499171804448,"KIF21B",23046
"ENSG00000224478",6.0447515040212,3.90741673712905,0.769045881711354,3.78055042783559,0.000156482019233057,0.0225195175061704,"RP11-13P5.1",NA
"ENSG00000197549",32.6026213218084,5.30416667866181,1.14073338797241,3.77315744769442,0.000161194489394327,0.0230897985575678,"PRAMENP",649179
"ENSG00000273445",36.9134803400169,3.53161577210097,0.671966308542051,3.76747426160957,0.000164907536623355,0.023512302802729,"RP11-1399P15.1",NA
"ENSG00000255518",70.1887647973096,4.15507239622564,0.838140900322153,3.7643699227814,0.000166969555153722,0.023692110588765,"RP11-148O21.4",NA
"ENSG00000132744",47.571045655863,3.4902319981029,0.661720594412768,3.76326809098758,0.000167707247730323,0.023692110588765,"ACY3",91703
"ENSG00000164512",113.403539360445,4.03864566005965,0.808026332517936,3.76057751805037,0.000169521530930332,0.0238390620459427,"ANKRD55",79722
"ENSG00000262312",27.6072272100428,2.66656606279111,0.443466219958335,3.75804511772664,0.000171246008662322,0.0239721060398797,"LA16c-390H2.4",NA
"ENSG00000253755",3316.44055767631,4.29980232606647,0.880933556625331,3.745801600188,0.000179818666123623,0.0250582600027567,"IGHGP",NA
"ENSG00000122122",1574.41023717728,2.78599462297162,0.477213561232272,3.74254792416163,0.000182163777242615,0.0252707110258596,"SASH3",54440
"ENSG00000117009",82.3590568983246,2.6285881614898,0.43613781205724,3.73411365964311,0.000188377413963911,0.0260155121876528,"KMO",8564
"ENSG00000271856",210.595397621767,4.17264695532949,0.850062443967245,3.73225164556468,0.000189775771243677,0.0260916269062121,"LINC01215",101929623
"ENSG00000134516",1926.54826361027,2.69441288719142,0.454302521308533,3.7297017025373,0.000191706591608895,0.0262399462301295,"DOCK2",1794
"ENSG00000267654",3.14347372523006,4.33017456513979,0.893380871059024,3.72760898852934,0.000193304974987196,0.0263416518348703,"RP11-973H7.4",100996324
"ENSG00000163376",193.595982656933,2.65403133459542,0.44487027518489,3.71800820791634,0.000200799747602364,0.027242422144978,"KBTBD8",84541
"ENSG00000162676",298.521679142736,2.43430388290661,0.386537884692062,3.7106424485384,0.000206733926576251,0.0278321311027288,"GFI1",2672
"ENSG00000167984",1382.96104147521,2.1903381537448,0.320813584024952,3.710373291588,0.000206953859873524,0.0278321311027288,"NLRC3",197358
"ENSG00000211626",2.09121860845526,5.05301718365034,1.09337356000096,3.70689152538751,0.000209818758287028,0.0280757322507705,"IGKV6D-41",NA
"ENSG00000109805",87.7337106710769,2.81021006664797,0.488836770839187,3.7030971781038,0.000212983249821346,0.0280757322507705,"NCAPG",64151
"ENSG00000134028",220.40267135951,4.22046491247611,0.869642425268923,3.70320584518429,0.000212892001255615,0.0280757322507705,"ADAMDEC1",27299
"ENSG00000184293",85.2884207022365,3.29031819653514,0.618145831742958,3.70514218315964,0.000211272186332556,0.0280757322507705,"CLECL1",160365
"ENSG00000251002",14.4871691398462,3.25942615629268,0.610211672125673,3.70269245821202,0.000213323419381118,0.0280757322507705,"AE000661.37",NA
"ENSG00000168685",4195.32709941754,3.07124190190983,0.561234186915036,3.69051271323104,0.000223802502573128,0.0289631571216319,"IL7R",3575
"ENSG00000260682",517.28110335594,2.13188921266204,0.306704838438453,3.69048371856441,0.000223828015551787,0.0289631571216319,"RN7SKP176",NA
"ENSG00000267521",6.00794489173713,5.39828842729119,1.19118194349186,3.69237331989598,0.000222171014422923,0.0289631571216319,"RP11-87G24.6",NA
"ENSG00000105369",2535.58644410881,4.62771455025339,0.982583828955366,3.69201532057595,0.000222484059010164,0.0289631571216319,"CD79A",973
"ENSG00000251039",233.00836321849,5.22294733658966,1.14735353572751,3.6805981810236,0.000232687441317332,0.0299835779508363,"IGKV2D-40",NA
"ENSG00000240143",6.00939313908332,3.50108406746425,0.681297781031763,3.67105858421642,0.000241547961195429,0.0309956356705652,"RP4-753P9.3",NA
"ENSG00000230006",835.516958270264,3.37377006725328,0.64703899644239,3.66866615506169,0.000243819213206653,0.0311572626934659,"ANKRD36BP2",645784
"ENSG00000257221",13.1120283655057,3.69588344522487,0.735645203340045,3.66465170028265,0.000247675404477202,0.0315192538499354,"MIR4496",100616240
"ENSG00000232698",4.84693017535652,4.0840830862336,0.843596412959883,3.65587505927465,0.000256306172305382,0.0324833793764973,"AP001058.3",NA
"ENSG00000235101",4.90322306309286,4.10685423857224,0.850393524517243,3.65343120449554,0.000258759140659387,0.0326598576019965,"SETP9",NA
"ENSG00000211939",438.753028176111,5.41502599802598,1.20926012069036,3.65101430410643,0.000261206690096454,0.0327007416052866,NA,NA
"ENSG00000159958",207.520879940935,4.26829178658723,0.894992547062392,3.65175307583806,0.000260456256051189,0.0327007416052866,"TNFRSF13C",100616259
"ENSG00000263391",5.40314818946548,3.26822284848883,0.622040486470413,3.64642317955732,0.000265915925244605,0.0331555172054984,NA,NA
"ENSG00000106948",5150.21581388033,2.04194135304114,0.286258165496761,3.63986596236652,0.000272779998501215,0.0337529375842868,"AKNA",80709
"ENSG00000126860",430.129927568227,2.5146290311923,0.416135078450381,3.63975331479511,0.000272899355732293,0.0337529375842868,"EVI2A",2123
"ENSG00000205744",1858.55905167109,2.32115886440527,0.363309425830711,3.63645633851758,0.000276414469433552,0.0339152845224905,"DENND1C",79958
"ENSG00000160224",54.2398057543018,3.31795920251357,0.637378869214876,3.63670544235148,0.000276147409398162,0.0339152845224905,"AIRE",326
"ENSG00000183542",105.523264063457,2.544430966811,0.425281816399228,3.63154714651892,0.000281727174938384,0.0344299674864183,"KLRC4",8302
"ENSG00000167208",384.45912361387,2.76097105636209,0.486826737827116,3.61724391766554,0.000297756681674312,0.0362451087965367,"SNX20",124460
"ENSG00000120332",283.434484833157,-3.28528324128411,0.632397027020235,-3.61368435277446,0.000301876537457318,0.0364583989179334,"TNN",63923
"ENSG00000139618",113.831263595614,2.32957743609955,0.367894345824297,3.61401976189801,0.000301486067244122,0.0364583989179334,"BRCA2",675
"ENSG00000187621",66.6421385666602,4.18273945597374,0.881117066080629,3.61216412494557,0.00030365227263217,0.0365296056259881,"TCL6",27004
"ENSG00000196684",1255.40482452374,2.76462068205142,0.488746086308035,3.6105060101479,0.000305600219858605,0.0366208948287372,"HSH2D",84941
"ENSG00000128438",438.498715168188,4.32327479368825,0.921505405789441,3.60635409495102,0.000310529330425443,0.0370673325159395,"TBC1D27",NA
"ENSG00000234572",11.1241291319544,4.05828801712535,0.848263995809809,3.60534931605309,0.000311733329629051,0.0370673797397138,"AC007880.1",101927438
"ENSG00000239961",17.3013529837883,3.51794007889878,0.699173686312452,3.601308413334,0.000316619704721117,0.0375036040242164,"LILRA4",23547
"ENSG00000081237",4654.96228381068,2.64727253594259,0.457698179600482,3.59903667823296,0.000319398143611899,0.0376877571985274,"PTPRC",5788
"ENSG00000198821",811.776221237791,2.56482383712367,0.435446366031917,3.59360867190926,0.000326129536516199,0.0380945719110094,"CD247",919
"ENSG00000249667",2.05409843935163,5.03971129835268,1.12387123941407,3.59446096374776,0.000325063875931924,0.0380945719110094,"LINC01259",NA
"ENSG00000211940",840.017038046029,5.42268671424898,1.23082581364227,3.59326775992886,0.000326556709566078,0.0380945719110094,NA,NA
"ENSG00000227777",5.65117637099096,4.25265332875188,0.90682824801202,3.58684606030134,0.000334701779816353,0.038897398916997,"RP4-738P11.3",NA
"ENSG00000113249",14.025197094057,3.77648778659766,0.774549771693521,3.58464735006891,0.000337533962068686,0.0390790730444711,"HAVCR1",26762
"ENSG00000229754",69.5752259517165,3.1492868185241,0.600074955891309,3.58169724869072,0.000341369255290386,0.0393750897197679,"CXCR2P1",NA
"ENSG00000171848",220.231386274752,3.02842780094533,0.566863280431918,3.5783369129145,0.000345787529806468,0.0397358901322754,"RRM2",6241
"ENSG00000250850",17.1592934985281,4.29355569349777,0.921488116749533,3.57417055481464,0.000351339869280401,0.0399269887609909,"RP11-297B17.3",NA
"ENSG00000174083",170.054298384751,2.55316397505453,0.434414465782556,3.57530445551958,0.00034982056262714,0.0399269887609909,NA,NA
"ENSG00000167483",982.731893074511,3.79600057626614,0.782103745138685,3.5749740282478,0.000350262664466115,0.0399269887609909,"FAM129C",199786
"ENSG00000132704",786.205547357976,4.46984850538134,0.97154472932935,3.57147581643158,0.000354975330016498,0.0401735438413065,"FCRL2",79368
"ENSG00000102096",2233.21676504197,2.65229229342944,0.462744808629991,3.5706338841947,0.000356118370902253,0.0401735438413065,"PIM2",11040
"ENSG00000111863",67.3766641156815,2.67561225137019,0.469708701994791,3.56734342849959,0.000360618721351293,0.0405327546038532,"ADTRP",84830
"ENSG00000267702",65.4035657951569,2.3586232248817,0.381059100156332,3.56538716520433,0.000363319449040701,0.0405403951887916,"RP11-53B2.2",NA
"ENSG00000226751",14.9720457298594,3.55800669222958,0.717407706356156,3.56562477593412,0.000362990408394984,0.0405403951887916,"AF127936.5",NA
"ENSG00000168081",79.1359512934333,3.86280453747572,0.804377335435995,3.5590318266787,0.000372224427737543,0.0412352363346515,"PNOC",5368
"ENSG00000187808",39.3528581289472,2.84702332686783,0.518877059052496,3.55965501778132,0.000371342284420307,0.0412352363346515,"SOWAHD",347454
"ENSG00000020633",1012.56766878027,2.57245211788903,0.441942261905615,3.55804876209113,0.000373619964931135,0.0412414840859647,"RUNX3",864
"ENSG00000132681",9.90587147181065,2.94789047241652,0.547773439578485,3.5560148259752,0.000376522838789803,0.0412660991680056,"ATP1A4",480
"ENSG00000248302",13.9553417607123,5.58294003971696,1.28877184013734,3.55605227937676,0.000376469194547246,0.0412660991680056,"BNIP3P41",NA
"ENSG00000143185",41.3225731504627,3.02838355423952,0.571260452446409,3.55071586971059,0.000384184928471849,0.0419565363196721,"XCL2",6846
"ENSG00000213075",6.10444746828065,3.39336983823789,0.674261990246855,3.54961405634277,0.000385796300841848,0.0419836349011533,"RPL31P11",641311
"ENSG00000143851",1130.60169379128,2.71033653071216,0.481979872772217,3.54856421882261,0.000387337534257482,0.0420029367694636,"PTPN7",5778
"ENSG00000135426",432.127022356347,2.62176813100502,0.457526576509525,3.54464246290894,0.000393145981087884,0.0424832167703985,"TESPA1",9840
"ENSG00000073734",16.9788451297991,3.55386167501126,0.721487558909887,3.53971685786231,0.000400556528750394,0.0431326553004401,"ABCB11",8647
"ENSG00000082512",2433.4128744019,2.20409153360622,0.340771988719248,3.53342285594439,0.000410215786881304,0.0440188696466325,"TRAF5",7188
"ENSG00000051341",81.4090171047282,2.74244076355696,0.493478916736982,3.53093253725702,0.000414097350010472,0.044281097528724,"POLQ",10721
"ENSG00000231682",4.18578560374408,5.44824726471384,1.26048302635877,3.52900211402587,0.000417129798317714,0.0444510256013517,"AC097713.4",NA
"ENSG00000214402",153.230891005742,2.80823349487939,0.512866611702631,3.52573837644911,0.000422303930422745,0.0448472211904458,"LCNL1",401562
"ENSG00000226571",15.6933171467761,3.79155445731039,0.792367555524586,3.52305497347408,0.000426602864692199,0.0448629589197457,"RP11-445F6.2",NA
"ENSG00000177455",1343.98062989141,4.25669926255665,0.924149076934872,3.52399774434462,0.000425087867867616,0.0448629589197457,"CD19",930
"ENSG00000225783",2453.77042610775,2.65523319845704,0.469847122365142,3.52291866793785,0.000426822319170227,0.0448629589197457,"MIAT",440823
"ENSG00000160856",965.562496981805,3.79320587452737,0.793977518749553,3.51799113774208,0.000434826883975903,0.0453831274016167,"FCRL3",115352
"ENSG00000257094",1.93491599938185,3.9058534668821,0.826193320215068,3.51715923595905,0.000436192022303424,0.0453831274016167,"RP11-50I19.1",NA
"ENSG00000211931",6.57771637174372,5.75476672807609,1.35181852324653,3.51731141888559,0.000435941993775155,0.0453831274016167,"IGHD2-2",NA
"ENSG00000240907",7.99939024813769,3.8719758499288,0.818675480224414,3.50807605614564,0.000451359990840383,0.0468031435619909,NA,NA
"ENSG00000105122",2815.40779143908,2.42298301458074,0.405792852734635,3.50667342953743,0.000453745643376542,0.0468926328156623,"RASAL3",64926
"ENSG00000244720",25.1100665971159,2.67926235355244,0.479018157885136,3.50563402641432,0.000455521093676566,0.0469186726486863,"RP11-402J7.2",NA
"ENSG00000147570",15.6251421765211,3.836280247747,0.810179934509046,3.50080287962912,0.000463858806968625,0.0476181989273758,"DNAJC5B",85479
"ENSG00000112303",321.396642859244,2.68518639037046,0.481864362126107,3.49722146484333,0.000470131368182174,0.0477842763891301,"VNN2",8875
"ENSG00000166796",15.9109296911894,-3.60131744211566,0.743721946173498,-3.49770160138426,0.000469285878495686,0.0477842763891301,"LDHC",3948
"ENSG00000159753",1597.61900048918,2.93182777093124,0.552258316122251,3.4980510289022,0.000468671451095313,0.0477842763891301,"CARMIL2",146206
"ENSG00000255624",30.9841728952338,2.7459745816741,0.499714926768746,3.49394122157589,0.000475945794231026,0.0482161270557004,"RP11-564D11.3",NA
"ENSG00000232613",18.6672410135298,4.14744288265397,0.901109269269327,3.49285374148477,0.000477888175489579,0.0482541709526314,"AC007386.4",NA
"ENSG00000116824",890.965663345419,2.5400465932754,0.441102767975114,3.4913555413515,0.000480576268533218,0.0483670174575736,"CD2",914
"ENSG00000121966",7321.36301011053,2.59340627695037,0.456944303978729,3.48709079657232,0.0004883055474295,0.0489848402090759,"CXCR4",7852
"ENSG00000163600",201.111486247503,2.85437019943949,0.532618043178334,3.48161355626211,0.000498402404443382,0.0497264336758285,"ICOS",29851
"ENSG00000234484",3.08173124378298,4.50970618234187,1.00815050122264,3.48133158500189,0.000498927428185571,0.0497264336758285,"RP1-55C23.7",NA
